id,domain,status,purchase_price,renewal_price,attractiveness,demand,length,registrar,created_at,expires_at,status_verified_at
1636825d-038c-42d9-b2b1-8f3ef34bbad1,agreed.viajes,available,37.99,37.99,high,low,6,namesilo,,,21/09/2026 23:21
cf6d3194-5edb-4fdc-be98-2964ea32ddeb,louche.viajes,available,37.99,37.99,medium,low,6,namesilo,,,24/08/2026 10:02
ac50a64d-da08-482c-b101-5ffc62f020c8,arsenal.viajes,available,37.99,37.99,high,low,7,namesilo,,,20/09/2026 09:36
c7b76321-15fd-470e-870b-a6e63a2a87f4,planning.viajes,available,37.99,37.99,high,low,8,namesilo,,,
45057458-ca7e-4bb2-86ed-3147a2d95c1a,bashful.viajes,available,37.99,37.99,high,low,7,namesilo,,,08/08/2026 22:01
510c2d81-2d48-4584-874a-0a995eccc4d8,xxx.viajes,available,37.99,37.99,high,medium,3,namesilo,,,
c10d98d4-c87b-45d9-ab45-fd03081f8a95,lupine.viajes,available,37.99,37.99,high,low,6,namesilo,,,24/08/2026 11:39
8a7f25c7-34a6-4f56-b9b0-f32005738d20,poignant.viajes,available,37.99,37.99,high,low,8,namesilo,,,
5a939b8b-1e09-4a69-8a16-f5ee44fdc445,papuan.viajes,available,37.99,37.99,high,low,6,namesilo,,,05/09/2026 01:44
57549c8c-6be9-45a1-86b8-ff2b6a2bb935,botanic.viajes,available,37.99,37.99,high,low,7,namesilo,,,10/08/2026 20:46
2f0c62d6-8645-4335-8ac5-78cc7aa88d25,slide.viajes,available,37.99,37.99,high,low,5,namesilo,,,
c6c52407-8078-476f-9bf4-b6ca121ee7e1,hock.viajes,available,37.99,37.99,high,low,4,namesilo,,,09/09/2026 16:33
e2009dd4-f0a4-446c-b60a-1644d3551b28,barwood.viajes,available,37.99,37.99,medium,low,8,namesilo,,,
50ee40c0-7769-4f52-8cfd-b3b46b28026d,mercuric.viajes,available,37.99,37.99,medium,low,8,namesilo,,,24/08/2026 20:40
7f0f732d-e592-4978-8108-785cbd1d45fe,hellenic.viajes,available,37.99,37.99,high,low,8,namesilo,,,20/08/2026 17:54
267831b5-a38d-4d18-88a8-2f4c6b030f08,bilateral.viajes,available,43.98,57.98,high,low,9,namecheap,,,09/08/2026 21:14
f4c40342-ac3a-4f62-b5bb-71f0ff3b287b,measuring.viajes,available,57.98,,high,low,9,namecheap,,,
77377c98-8949-4459-83d0-d97a8d1d5956,wanted.viajes,available,43.98,57.98,high,low,6,namecheap,,,23/09/2026 14:03
d9f7b155-e2e0-4ee8-84d1-69eaa702944b,tentative.viajes,available,37.99,37.99,high,low,9,namesilo,,,
3d0439d8-6842-4788-92f6-e9ab24e8539e,parable.viajes,available,37.99,37.99,high,low,7,namesilo,,,18/09/2026 10:36
0bd3a102-50fc-4c95-b078-82e2de1f884f,hall.viajes,available,57.98,,high,low,4,namecheap,,,
56ba320b-f664-4db3-b228-4e6cbe2864b3,valuator.viajes,available,37.99,37.99,medium,low,8,namesilo,,,19/09/2026 22:13
bda5af2b-5ab8-4430-8f20-fbc369361608,syncopated.viajes,available,37.99,37.99,high,low,10,namesilo,,,11/09/2026 06:19
5cf4c563-7610-443d-9c83-745df372185c,antenatal.viajes,available,37.99,37.99,high,low,9,namesilo,,,22/09/2026 05:59
eb439a38-68cc-4a67-8161-132531ba9a42,controlled.viajes,available,37.99,37.99,high,low,10,namesilo,,,23/09/2026 22:39
62c06ba4-e8fc-47c3-a7e9-2791cf3e010f,threescore.viajes,available,37.99,37.99,medium,low,10,namesilo,,,
4a2fef27-4e13-4910-8128-a5cc14999e88,nebula.viajes,available,37.99,37.99,high,low,6,namesilo,,,
72f8303f-3d0e-4fed-bb44-f16831e47b74,lackluster.viajes,available,43.98,57.98,medium,low,10,namecheap,,,22/08/2026 18:07
6107ba05-aa7d-4fce-83b6-bfb50e324c93,manifest.viajes,available,37.99,37.99,high,medium,8,namesilo,,,06/08/2026 05:17
42f42baa-967d-408c-bf70-bc9558dbb384,tawny.viajes,available,37.99,37.99,high,low,5,namesilo,,,11/09/2026 09:19
e3b28f57-407e-4777-a395-6ae22aeaefa6,laden.viajes,available,37.99,37.99,medium,low,5,namesilo,,,22/08/2026 18:30
4c967110-6948-4e5d-b72f-4fcf3eb40348,belongs.viajes,available,43.98,57.98,medium,low,7,namecheap,,,25/09/2026 20:38
834d37c0-4085-4832-96e0-1b3786c53bdb,industrial.viajes,available,37.99,37.99,high,low,10,namesilo,,,25/09/2026 09:22
adf1e51c-ddc9-4bf4-a1a6-ef72d67c76f9,sip.viajes,available,37.99,37.99,high,low,3,namesilo,,,
8707bdbc-15ce-4576-a72d-d2293918c39d,highway.viajes,available,37.99,37.99,high,low,7,namesilo,,,
78712bfc-566d-40ed-a569-b73e425bd033,settings.viajes,available,37.99,37.99,medium,low,8,namesilo,,,17/09/2026 13:18
f69d3acc-b1df-47d8-a147-64164b696d10,craze.viajes,available,43.98,57.98,high,low,5,namecheap,,,24/09/2026 19:15
62889955-d175-4661-b39a-39a2e431eae9,tim.viajes,available,37.99,37.99,high,medium,3,namesilo,,,25/09/2026 11:26
df3a0d9c-fbee-400d-87c2-ad56e7c5685a,speckless.viajes,available,37.99,37.99,medium,low,9,namesilo,,,21/08/2026 20:42
86a3f097-6af8-4aee-bce4-ac687ff62956,audit.viajes,available,37.99,37.99,high,low,5,namesilo,,,21/09/2026 03:05
2deb266b-67fa-47a9-bc48-fe31e8f4e2c6,audiology.viajes,available,43.98,57.98,high,low,9,namecheap,,,21/09/2026 02:56
1a26cfbe-74a2-4162-8b52-a13318cb3d07,bearskin.viajes,available,63.99,65.99,high,low,8,name.com,,,22/09/2026 21:25
e0f8d624-78dd-41a7-b16c-b38e20f965db,outwards.viajes,available,43.98,57.98,high,low,8,namecheap,,,04/09/2026 19:50
ae25a5cc-5d89-4239-83b9-5e8f24404493,drummond.viajes,available,43.98,57.98,medium,low,8,namecheap,,,25/09/2026 15:26
d43c058d-b449-4b5b-967f-9f748b4c9800,monday.viajes,available,37.99,37.99,high,low,6,namesilo,,,
05997c82-1ea4-43fd-b63f-b942f987ed81,courtesy.viajes,available,43.98,57.98,high,low,8,namecheap,,,24/09/2026 18:48
a6f02674-c91f-4da9-b524-131448311a93,preferences.viajes,available,37.99,37.99,high,low,11,namesilo,,,
8f11ebd9-472a-4938-add3-ac4f23732e9e,jersey.viajes,available,,,high,high,6,,,,
55500d46-78c2-4834-82e8-a885b28efdda,baldrick.viajes,available,37.99,37.99,medium,low,8,namesilo,,,21/09/2026 21:46
2892dbe0-402c-42f9-8ba0-933c5d06272e,uncordial.viajes,available,37.99,37.99,medium,low,9,namesilo,,,12/09/2026 06:13
b8b57590-a662-46a2-b09b-29dbb613dde1,flaming.viajes,available,37.99,37.99,high,low,7,namesilo,,,18/08/2026 06:30
958ed922-897f-4a6a-a8c1-1e2a700a81a1,durable.viajes,available,37.99,37.99,high,low,7,namesilo,,,24/09/2026 12:29
82b7e641-a337-40b2-be38-2263cda2e1ff,ported.viajes,available,37.99,37.99,high,low,6,namesilo,,,20/09/2026 15:39
67a7d632-68b3-4380-be59-3e52fb6ee924,blasphemy.viajes,available,37.99,37.99,medium,low,9,namesilo,,,24/09/2026 04:15
0b3d1ee3-2dec-4393-958e-6b4061d551ca,speckled.viajes,available,37.99,37.99,medium,low,8,namesilo,,,14/08/2026 16:34
a5e764ac-bb81-4f36-9551-8ee7e8d4a317,critique.viajes,available,57.98,,high,low,8,namecheap,,,
b9aa788f-a7c4-45f7-b11f-8cc2b57e8f63,maven.viajes,available,37.99,37.99,high,low,5,namesilo,,,
7d2726b4-3148-4482-9650-fbb97fcb2e00,gran.viajes,available,57.98,,high,low,4,namecheap,,,
d6a81d47-b45e-459e-a378-c89906d679ec,diverse.viajes,available,37.99,37.99,high,low,7,namesilo,,,14/08/2026 13:39
398da18b-7d58-4c53-b16d-dc55e27ab5d7,bowen.viajes,available,37.99,37.99,high,low,5,namesilo,,,25/09/2026 12:42
5e07e4e0-2c6a-4459-aabd-ba15ea9d3c40,aeonian.viajes,available,37.99,37.99,medium,low,7,namesilo,,,
36c7ce15-2bf0-4f0d-b1a8-fa0ff1a3ca52,adrift.viajes,available,37.99,37.99,medium,low,6,namesilo,,,
acf16dce-066d-4278-b327-7f10a145931a,hesitation.viajes,available,37.99,37.99,high,low,10,namesilo,,,24/09/2026 16:28
e1539b0e-8fa0-4d21-b61f-d5b498567292,balkans.viajes,available,37.99,37.99,high,low,7,namesilo,,,21/09/2026 22:15
3898a51b-9349-4338-9c86-aa12226c2649,screech.viajes,available,37.99,37.99,high,low,7,namesilo,,,09/09/2026 23:57
33a760b3-6b00-46df-b77c-c83ca95f6f17,circinate.viajes,available,37.99,37.99,high,low,9,namesilo,,,
e9b40cda-9e93-4f77-a4d6-f521c232a246,cornflower.viajes,available,37.99,37.99,high,low,10,namesilo,,,21/09/2026 14:08
c4599582-e97d-4969-b6f6-4d3f159d181a,metameric.viajes,available,43.98,57.98,medium,low,9,namecheap,,,24/08/2026 21:39
6b0dcd3c-fd44-4943-8dad-2eb743e83d78,begetter.viajes,available,37.99,37.99,medium,low,8,namesilo,,,23/09/2026 02:08
d8c15edf-443b-4c2a-9520-3e0c44e10606,effected.viajes,available,37.99,37.99,high,low,8,namesilo,,,15/08/2026 14:18
0813bc4e-fb3a-4300-969f-8c338d4c103b,quintet.viajes,available,37.99,37.99,high,low,7,namesilo,,,
d5f905ee-59b9-4485-9d73-f04607989b82,trimox.viajes,available,43.98,57.98,medium,low,6,namecheap,,,18/09/2026 22:57
ce4a770b-52e0-4ff8-a120-724344bf391f,superhero.viajes,available,43.98,57.98,high,low,9,namecheap,,,16/09/2026 20:24
bd2ee229-b23b-4d59-863d-cf2548669143,junoesque.viajes,available,37.99,37.99,medium,low,9,namesilo,,,22/08/2026 14:31
776e9ef3-06cd-40cc-8563-c4c098a0288e,greens.viajes,available,37.99,37.99,high,low,6,namesilo,,,
13cd1fcf-762e-4943-ac6b-2f95101b1b88,buds.viajes,available,43.98,57.98,medium,low,4,namecheap,,,20/09/2026 03:42
37a36355-9214-457f-9d8a-5c7beae12cca,forbidden.viajes,available,37.99,37.99,medium,low,9,namesilo,,,18/08/2026 10:59
6fa22cd0-9dc2-4359-a299-9603c6726504,populous.viajes,available,37.99,37.99,high,low,8,namesilo,,,08/09/2026 23:57
30524e1a-35ee-44dd-aa0b-be7eaa78edca,restructure.viajes,available,37.99,37.99,high,low,11,namesilo,,,
94c0aae7-cd03-43cd-8be6-b5dc3dd15fa1,coke.viajes,available,43.98,57.98,high,low,4,namecheap,,,27/09/2026 03:32
b3855d08-fdd2-45df-a35d-4308750c4862,referred.viajes,available,37.99,37.99,medium,low,8,namesilo,,,17/09/2026 06:11
c2e329fb-4c43-4c47-9af9-92ef07a6241a,travellers.viajes,available,37.99,37.99,high,low,10,namesilo,,,17/09/2026 22:15
cf036470-2c12-4d57-8a49-40e86d65cc1a,cherub.viajes,available,37.99,37.99,high,low,6,namesilo,,,24/09/2026 14:18
e3de38bd-5e90-4cb0-8c79-7cb0a8d8022a,whirr.viajes,available,37.99,37.99,medium,low,5,namesilo,,,13/09/2026 11:31
01327b31-02c5-4172-8b3c-c5b8fddf29db,biosphere.viajes,available,43.98,57.98,high,low,9,namecheap,,,23/09/2026 19:04
4543ddf4-dceb-4192-8dc2-026a1dd752da,gao.viajes,available,37.99,37.99,high,low,3,namesilo,,,25/09/2026 06:16
94ca7d8c-cf50-49f4-8ddb-8f559b21bd0c,naughty.viajes,available,43.98,57.98,high,low,7,namecheap,,,18/08/2026 20:00
fd146212-1215-4710-9b43-acd58b074f0a,blur.viajes,available,37.99,37.99,high,low,4,namesilo,,,10/08/2026 14:05
91cd587e-e066-4efc-a8d2-fff5be1ee286,expedient.viajes,available,43.98,57.98,high,low,9,namecheap,,,17/08/2026 18:06
1d9e6c5e-51c8-4141-9a43-68eab4ef2c18,fda.viajes,available,37.99,37.99,high,low,3,namesilo,,,25/09/2026 05:55
496b3cd7-0a30-47f8-9a70-4e3578454ffe,moulds.viajes,available,37.99,37.99,medium,low,6,namesilo,,,20/09/2026 13:57
9701343e-2a35-4051-b158-e29bb4cbf016,screeching.viajes,available,37.99,37.99,high,low,10,namesilo,,,09/09/2026 23:59
2e398428-e588-46e4-97e3-e6c8d19304e2,navarino.viajes,available,37.99,37.99,medium,low,8,namesilo,,,22/09/2026 15:32
ccd8ecf5-84d4-4f1d-9a6d-2c59ac92c779,idiotic.viajes,available,37.99,37.99,medium,low,7,namesilo,,,24/09/2026 01:17
04aa7d22-f06b-4d7a-a091-419c30e713cd,anglerfish.viajes,available,37.99,37.99,medium,low,10,namesilo,,,18/09/2026 11:41
13266c98-3755-45a8-87b4-152ec5dfc0d9,nullified.viajes,available,37.99,37.99,medium,low,9,namesilo,,,22/08/2026 08:56
be58a82f-2a1f-42ac-9061-9dcec0ff32cd,phases.viajes,available,37.99,37.99,medium,low,6,namesilo,,,18/09/2026 14:38
473bbf2c-10a7-48a3-b976-8f57c474c23f,reaches.viajes,available,43.98,57.98,high,low,7,namecheap,,,18/09/2026 18:09
f404b645-8fc2-4e2e-b14b-740be9512804,roguish.viajes,available,37.99,37.99,medium,low,7,namesilo,,,10/08/2026 11:58
014ea2c2-b8ce-4c3a-8998-5bd38509a1bd,monitor.viajes,available,37.99,37.99,high,low,7,namesilo,,,
fbb8fac9-32f5-4db3-a7ab-1b4588547608,squab.viajes,available,37.99,37.99,medium,low,5,namesilo,,,10/09/2026 17:08
5007b751-97af-41fa-9d05-333950cb3648,recognized.viajes,available,37.99,37.99,high,low,10,namesilo,,,21/09/2026 15:28
ee9e5b5f-41d4-4c1c-9cbd-7678e2a8a024,affront.viajes,available,37.99,37.99,medium,low,7,namesilo,,,17/09/2026 14:54
564a4746-ec05-49df-8066-6e5adeba98a8,loth.viajes,available,37.99,37.99,medium,low,4,namesilo,,,24/08/2026 08:19
1efd6e24-63f0-4656-81ee-0ef9a537a225,sumbuddy.viajes,available,37.99,37.99,low,low,8,namesilo,,,
4756c06f-ed8c-4321-a354-c8dc98b5cb2c,parody.viajes,available,43.98,57.98,high,low,6,namecheap,,,23/09/2026 11:34
2838a549-2e30-4791-92a3-a1262174a4de,enumerable.viajes,available,37.99,37.99,medium,low,10,namesilo,,,13/08/2026 03:30
ca624910-ceb3-4c3a-9c82-31e08813fa71,anthemis.viajes,available,37.99,37.99,medium,low,8,namesilo,,,19/09/2026 12:57
e3a84874-c756-4a2c-afcd-b62cf0102181,caparison.viajes,available,37.99,37.99,medium,low,9,namesilo,,,22/09/2026 05:11
a428336a-3a75-4589-b5cc-aaf6222099a3,farseeing.viajes,available,37.99,37.99,high,low,9,namesilo,,,14/08/2026 22:22
de477db7-15a5-4a0f-83f7-00aa7693c95a,baba.viajes,available,37.99,37.99,high,low,4,namesilo,,,21/09/2026 12:09
57bef2b1-aa58-4e06-a354-e81d9e834a81,satire.viajes,available,37.99,37.99,high,low,6,namesilo,,,24/09/2026 13:17
7716c831-beb6-4efc-910c-cdcb5505e8c6,extension.viajes,available,37.99,37.99,high,low,9,namesilo,,,
9f1fe2d4-c960-4a99-bb15-0070cc3999a6,haitian.viajes,available,37.99,37.99,high,low,7,namesilo,,,20/08/2026 22:17
3e460b41-03e5-43b5-84e7-ea84855822a9,bardolatry.viajes,available,37.99,37.99,medium,low,10,namesilo,,,22/09/2026 05:17
c35f60d0-e825-4764-9c35-04462949b30b,thereafter.viajes,available,37.99,37.99,high,low,10,namesilo,,,16/09/2026 08:38
3966074b-5471-45b1-af81-8e515b5f6a1f,squandered.viajes,available,37.99,37.99,medium,low,10,namesilo,,,10/09/2026 17:24
739bb4f2-dde0-4ed8-a584-029c15e63405,bistre.viajes,available,37.99,37.99,medium,low,6,namesilo,,,23/09/2026 22:12
0d66cb51-ae65-47fc-91c3-10bfa78e4ed5,offices.viajes,available,37.99,37.99,medium,low,7,namesilo,,,18/09/2026 05:07
d49c189d-a42d-4225-b5aa-900ba9f48656,trounce.viajes,available,37.99,37.99,medium,low,7,namesilo,,,09/08/2026 05:27
73d61871-7e01-48df-b0ab-bc79111b8680,baronial.viajes,available,43.98,57.98,medium,low,8,namecheap,,,08/08/2026 20:11
47323be8-e89b-40fe-9e16-ea4de4c3d9be,herein.viajes,available,37.99,37.99,medium,low,6,namesilo,,,15/09/2026 00:30
63badd70-5254-4795-aeb3-0bcaf4e0b630,mean.viajes,available,43.98,57.98,high,low,4,namecheap,,,22/09/2026 18:47
69efbd9b-bd21-48e1-8060-0ca9111cbe5a,etc.viajes,available,37.99,37.99,high,low,3,namesilo,,,
5a968424-b379-4de6-8cc2-a8a06743f8b7,grub.viajes,available,37.99,37.99,high,low,4,namesilo,,,11/08/2026 09:30
f8414640-4837-44b0-9752-67f560628dc0,optimistic.viajes,available,37.99,37.99,high,low,10,namesilo,,,04/09/2026 17:07
5e124f4a-1cb8-4631-867d-30e8c0662aba,devilish.viajes,available,37.99,37.99,medium,low,8,namesilo,,,14/08/2026 05:06
379dc360-6edd-4366-9dee-386b44bf138f,badge.viajes,available,43.98,57.98,high,low,5,namecheap,,,19/09/2026 15:56
8a7407ff-db92-4275-8cbe-9b5e0bab886c,baneful.viajes,available,37.99,37.99,low,low,7,namesilo,,,08/08/2026 09:44
3c50d8f2-93e6-4e19-9d2f-f3755f4cc19c,arched.viajes,available,37.99,37.99,medium,low,6,namesilo,,,06/08/2026 14:34
6fb0ba64-93d6-4132-9d9e-cda1c1f36613,tartaric.viajes,available,37.99,37.99,medium,low,8,namesilo,,,11/09/2026 08:48
0de33a9f-5feb-42f3-8f52-d41382bac713,everbody.viajes,available,37.99,37.99,medium,low,8,namesilo,,,
ef4c26a9-2125-45f3-8687-c82ea37a5bce,wells.viajes,available,43.98,57.98,high,low,5,namecheap,,,27/09/2026 04:19
1747db4b-1ad8-4c6b-b1ec-f176d641b165,topic.viajes,available,37.99,37.99,high,low,5,namesilo,,,
ffbcb018-e517-4abd-8bc5-e96254d4ac23,counterattack.viajes,available,37.99,37.99,medium,low,14,namesilo,,,
d282993c-869a-4251-ad90-7d342969b70f,elderberry.viajes,available,37.99,37.99,high,low,10,namesilo,,,24/09/2026 00:39
bf85a09d-1528-4f33-bbd6-938374151ec8,scarface.viajes,available,37.99,37.99,high,low,8,namesilo,,,
29374f4f-d799-41d1-9956-6ba0c5b63710,cooked.viajes,available,37.99,37.99,high,low,6,namesilo,,,23/09/2026 22:56
03470c91-6c5b-468a-b6bd-6b7dacbade8f,chervil.viajes,available,37.99,37.99,medium,low,7,namesilo,,,19/09/2026 13:55
2a1f331a-e759-458f-96e6-3e5502ad0377,helen.viajes,available,37.99,37.99,high,low,5,namesilo,,,25/09/2026 07:10
a4cc50a9-58b2-4af6-9883-827d564a919a,murderous.viajes,available,37.99,37.99,medium,low,9,namesilo,,,21/08/2026 11:28
571558ba-f6f5-42bd-ae51-cfd52b8eaf5c,werner.viajes,available,43.98,57.98,high,low,6,namecheap,,,25/09/2026 21:47
334a06a9-d5b3-4aba-9901-f6e082eb63a5,alleyway.viajes,available,37.99,37.99,high,low,8,namesilo,,,19/09/2026 04:05
98e3b433-6c00-4cac-a25f-e6b7ed017fd7,imbecile.viajes,available,43.98,57.98,medium,low,8,namecheap,,,21/08/2026 20:22
23bf18d9-2d46-45cb-a8f3-26b03d583bb9,verb.viajes,available,37.99,37.99,high,low,4,namesilo,,,
d6aebb4b-e0e7-4957-b1ee-a639a69f5eed,stephanie.viajes,available,37.99,37.99,high,low,9,namesilo,,,25/09/2026 14:12
cf1134b2-bec9-4ac5-8112-e741e94c4d32,transcend.viajes,available,37.99,37.99,high,low,9,namesilo,,,11/09/2026 17:23
a92e63a1-840e-485a-95a1-968bf7752be5,acquitted.viajes,available,37.99,37.99,medium,low,9,namesilo,,,
aa1e1621-8b00-4369-8c02-89da98ce5004,music.viajes,available,37.99,37.99,high,medium,5,namesilo,,,
c32ff175-a506-464d-9645-6b3dc1e52e49,mythologic.viajes,available,37.99,37.99,medium,low,10,namesilo,,,03/09/2026 12:33
b678477e-f3ff-4264-850c-0f02d03e2788,salty.viajes,available,37.99,37.99,high,low,5,namesilo,,,19/09/2026 11:13
3b0d1f78-d0a0-4f95-ac66-00d3a9f79c91,marine.viajes,available,37.99,37.99,high,low,6,namesilo,,,25/09/2026 16:45
8699d2f8-368a-4382-a2de-d637f07e5c94,shirtless.viajes,available,37.99,37.99,medium,low,9,namesilo,,,
6b86ba3a-7139-4634-8f44-b25d6f885a27,paid.viajes,available,37.99,37.99,high,low,4,namesilo,,,18/08/2026 19:32
a307c330-60ce-4df3-9d98-2f5e60499f4b,imminent.viajes,available,43.98,57.98,high,low,8,namecheap,,,21/08/2026 20:55
66134c76-c4eb-454d-87ae-17543f1eeda1,innately.viajes,available,37.99,37.99,medium,low,8,namesilo,,,15/09/2026 08:27
9c70ddde-1d7b-40e1-aada-4b8639aa9b3a,prolonged.viajes,available,37.99,37.99,high,low,9,namesilo,,,14/08/2026 18:34
7f9597ef-35a2-482b-bd90-d67e3083f8bf,exploded.viajes,available,43.98,57.98,medium,low,8,namecheap,,,17/08/2026 18:28
3e3342a8-41ce-4d81-b2aa-79fbcbc724af,mikey.viajes,available,37.99,37.99,high,low,5,namesilo,,,
4799d456-4df6-4559-ae09-df3843a39d3e,cube.viajes,available,57.98,,high,medium,4,namecheap,,,
394cd8cc-9e8e-4e8d-96e6-cf9989028bb7,applejack.viajes,available,43.98,57.98,medium,low,9,namecheap,,,19/09/2026 21:35
5f15e1b9-bb76-4cd9-a19c-626876d99b48,genoese.viajes,available,37.99,37.99,high,low,7,namesilo,,,18/08/2026 21:48
14c0068a-98e9-4065-bdbd-3d320371257b,remington.viajes,available,37.99,37.99,high,low,9,namesilo,,,
fa727c04-b1be-4de9-8b5c-9d54368a79d2,outlet.viajes,resell,,,high,low,6,"GoDaddy.com, LLC",02/08/2018 18:51,02/08/2027 18:51,26/09/2026 07:58
bedee0a6-4e8d-40b8-a511-278fa450b2cd,wrap.viajes,available,37.99,37.99,high,low,4,namesilo,,,26/09/2026 00:32
f3b61d24-0d88-46f5-be9e-3bdffecc310d,slugs.viajes,available,37.99,37.99,medium,low,5,namesilo,,,20/09/2026 08:54
dbcba533-10f1-4a0d-a45f-57cd47a5d7ab,forehand.viajes,available,37.99,37.99,medium,low,8,namesilo,,,18/08/2026 11:38
ea745783-4f3f-4771-a4eb-33f1fa6fd98e,burial.viajes,available,37.99,37.99,medium,low,6,namesilo,,,24/09/2026 11:18
343114e3-2f13-4ea5-bd44-bd9489a33452,vendible.viajes,available,37.99,37.99,medium,low,8,namesilo,,,24/08/2026 20:32
bf315aee-de81-4ece-942e-b2df09409269,butt.viajes,available,37.99,37.99,medium,low,4,namesilo,,,09/08/2026 10:40
2b0bb816-f007-42bc-b980-9da336cab077,shoebird.viajes,available,43.98,57.98,medium,low,8,namecheap,,,21/09/2026 20:37
4d90db48-6a0b-44b5-8152-594d9977d445,haywood.viajes,available,63.99,65.99,high,low,7,name.com,,,23/09/2026 14:07
4f52d68d-ab31-4a24-b0e7-f39a51a0ada1,nonwhite.viajes,available,63.99,65.99,medium,low,9,name.com,,,13/08/2026 18:06
a4707372-f505-499b-a876-f58944ff474f,resinous.viajes,available,37.99,37.99,medium,low,8,namesilo,,,09/09/2026 15:13
c840d245-0346-4c1f-9a7b-104420715636,amicable.viajes,available,37.99,37.99,high,low,8,namesilo,,,22/09/2026 04:19
0c17a3f3-1df2-445d-8452-8f6f9f691af1,sellable.viajes,available,43.98,57.98,high,low,8,namecheap,,,24/08/2026 20:28
3e7c2ba7-a691-476b-9cc3-6b2ecaa686a6,skill.viajes,available,37.99,37.99,high,medium,5,namesilo,,,
47ec8137-57cc-4453-8d78-d6bb530658f4,jobless.viajes,available,37.99,37.99,medium,low,7,namesilo,,,22/08/2026 13:32
a676cdd6-2085-4017-ba9c-fdd8cdf90d1f,calculous.viajes,available,37.99,37.99,medium,low,9,namesilo,,,11/08/2026 14:05
f56c07f3-309d-4230-9fc1-dbce323dddc3,sectioned.viajes,available,37.99,37.99,medium,low,9,namesilo,,,10/09/2026 01:20
33f546cf-d1d9-4f1c-89e6-007660fca02a,gyrate.viajes,available,37.99,37.99,medium,low,6,namesilo,,,10/09/2026 15:51
27a6739b-ebe8-4a70-8faa-a8cb5da47337,stomach.viajes,available,37.99,37.99,high,low,7,namesilo,,,16/09/2026 14:47
1e89bf3d-e32d-40da-a87a-401ff8854cce,owned.viajes,available,37.99,37.99,high,low,5,namesilo,,,26/09/2026 03:41
13391030-8c04-4496-bd0e-685a8ad342ed,miracle.viajes,available,57.98,,high,low,7,namecheap,,,
903c15d9-b606-44d1-83d3-6e5d8df4276a,dumbbell.viajes,available,37.99,37.99,high,low,8,namesilo,,,24/09/2026 06:44
0850a62d-67bd-479b-8878-abe69c3044ca,stuff.viajes,available,43.98,57.98,high,low,5,namecheap,,,25/09/2026 17:52
75c93eb7-8111-45bd-81a9-97c2a19d7941,slighting.viajes,available,37.99,37.99,medium,low,9,namesilo,,,09/08/2026 13:15
9d834750-27fb-4a98-a8fc-9869ffbce5b9,smallish.viajes,available,37.99,37.99,medium,low,8,namesilo,,,10/09/2026 11:46
79794a3f-5599-4e76-8fe7-59d39bbec020,indulgent.viajes,available,37.99,37.99,high,low,9,namesilo,,,22/08/2026 03:33
03ff398a-6663-4b9f-8a42-a510ce34dc76,technicality.viajes,available,37.99,37.99,high,low,12,namesilo,,,
9dbc4830-3fd6-4a5c-ae9e-49ec740115be,abampere.viajes,available,37.99,37.99,medium,low,8,namesilo,,,16/09/2026 13:54
c8c84b8b-3a43-4466-ac39-930450bc4714,brimless.viajes,available,37.99,37.99,medium,low,8,namesilo,,,11/08/2026 04:13
756da0f2-e0c0-47a2-b143-5b4897856dbf,sportsperson.viajes,available,37.99,37.99,high,low,12,namesilo,,,16/09/2026 08:58
9baae9ca-fa0d-45b6-bdeb-2fb74492874b,allopathic.viajes,available,37.99,37.99,medium,low,10,namesilo,,,
3651e93f-8cff-4838-8c38-69fb86537e5b,semifinal.viajes,available,37.99,37.99,high,low,10,namesilo,,,16/09/2026 09:45
40739a0f-054a-4a74-afb3-5ecb4e211482,blatta.viajes,available,43.98,57.98,medium,low,6,namecheap,,,24/09/2026 04:54
26f4695f-f5f9-4fa5-a3d6-e9e55710fc75,amazement.viajes,available,37.99,37.99,high,low,9,namesilo,,,18/09/2026 16:18
ff56705c-b48e-4b9c-a851-0c787c23c173,our.viajes,available,37.99,37.99,high,medium,3,namesilo,,,
4fb3ca9f-c0de-4e55-b2d3-848f0215bc84,para.viajes,premium,242,242,high,low,4,namesilo,,,23/09/2026 04:51
b76eab19-14d2-4876-a6c9-bf8e82fa161a,arenaria.viajes,available,37.99,37.99,medium,low,8,namesilo,,,20/09/2026 03:39
f4565d44-5b68-4b1b-a4eb-0c642eddd53e,numbat.viajes,available,37.99,37.99,medium,low,6,namesilo,,,22/09/2026 01:07
dff3bf62-3a52-4016-9729-99e9717b3915,illusional.viajes,available,43.98,57.98,medium,low,10,namecheap,,,21/08/2026 20:11
0d6c6e3a-de99-44e1-8e91-51e5c9dc44e1,tempt.viajes,available,37.99,37.99,high,low,5,namesilo,,,18/09/2026 12:14
42857a5a-e57b-4b7e-b7a1-dbc6017c8205,pillage.viajes,available,37.99,37.99,medium,low,7,namesilo,,,08/09/2026 21:56
a8e9e197-5ea8-418b-8011-0dcd8a1db688,atreus.viajes,available,37.99,37.99,medium,low,6,namesilo,,,21/09/2026 00:43
47f4fa88-0176-4c03-8431-a343b701b71d,jovian.viajes,available,37.99,37.99,medium,low,6,namesilo,,,22/08/2026 14:02
a3195c6b-5e33-4d8b-8c1d-3f254516a142,thornless.viajes,available,37.99,37.99,medium,low,9,namesilo,,,11/09/2026 14:08
cc7b47b1-b651-4b36-90f4-c52ddf3ab2ce,balanchine.viajes,available,43.98,57.98,high,low,10,namecheap,,,21/09/2026 20:54
b24c7450-4238-420f-83d7-c89c5eb3c712,backbend.viajes,available,43.98,57.98,high,low,8,namecheap,,,21/09/2026 15:01
ad08d5db-599f-4e6a-bc1f-266b14be09f7,unreported.viajes,available,43.98,57.98,medium,low,10,namecheap,,,12/09/2026 18:19
6926ccdf-aaa3-4170-9de3-8a70962dc306,roses.viajes,available,43.98,57.98,high,low,5,namecheap,,,17/09/2026 21:17
642cb89b-7077-4f02-8f17-32f421307d2c,paige.viajes,available,43.98,57.98,high,low,5,namecheap,,,27/09/2026 04:38
4cb44dda-b29a-4eee-9930-7cb1708a3279,ostensive.viajes,available,37.99,37.99,medium,low,9,namesilo,,,04/09/2026 18:31
0fa33d8b-dd41-4d05-8ce4-899c6b10efd8,discreetly.viajes,available,37.99,37.99,high,low,10,namesilo,,,14/09/2026 13:04
b9bb13cd-3754-4276-bcc3-9f7896419fd1,parenting.viajes,available,37.99,37.99,high,low,9,namesilo,,,
25618aab-abb0-44d4-af02-78d70113a6e1,vengeful.viajes,available,57.98,,medium,low,8,namecheap,,,
83bea55d-7ed9-49bb-97e8-d8a38e0739ff,planetarium.viajes,available,37.99,37.99,high,low,11,namesilo,,,
2e818af9-e97c-4740-a1ac-ceb6abd5ab05,hypothetic.viajes,available,37.99,37.99,medium,low,10,namesilo,,,12/08/2026 22:01
3b448396-491a-4ea5-859b-1ce40294caed,heated.viajes,available,37.99,37.99,high,low,6,namesilo,,,21/08/2026 02:17
1888183e-87fc-4872-8aed-36afc9e7ebd3,odium.viajes,available,63.99,65.99,medium,low,5,name.com,,,16/09/2026 15:27
f5a5d73b-b799-4e63-a1b4-d2b616619fe5,probing.viajes,available,37.99,37.99,high,low,7,namesilo,,,22/08/2026 06:21
b95c1074-bbc6-4355-b2f5-f26e0b876f9f,winking.viajes,available,37.99,37.99,high,low,7,namesilo,,,10/08/2026 14:28
eedaa4c0-4338-4d39-b69f-4ed60087f8c7,ancylus.viajes,available,37.99,37.99,medium,low,7,namesilo,,,19/09/2026 03:54
6ef7fa3c-7fc1-4a58-a69c-540c41345cb3,holiday.viajes,available,37.99,37.99,high,low,7,namesilo,,,
3f2be506-426b-45b4-b769-36fc862b247b,fluorine.viajes,available,37.99,37.99,medium,low,8,namesilo,,,21/09/2026 00:03
4d36ba6f-676d-4e97-8217-5301b6c84d02,tiny.viajes,available,37.99,37.99,high,medium,4,namesilo,,,22/09/2026 17:13
16d6ae92-69f9-4439-927c-d3c9c1333c4b,madwort.viajes,available,37.99,37.99,medium,low,7,namesilo,,,18/09/2026 15:25
cbd6fdc9-e7b9-461f-9022-aa78e4352796,belfast.viajes,available,43.98,57.98,high,low,7,namecheap,,,23/09/2026 04:55
b1bba912-4621-4a55-829d-8027ce377e0e,smirks.viajes,available,43.98,57.98,low,low,6,namecheap,,,20/09/2026 14:28
7b263c72-bcce-4eb0-aca7-2f94459f0185,footwear.viajes,available,37.99,37.99,high,low,8,namesilo,,,24/09/2026 02:34
37d969e2-b5b7-4842-b600-1a94631cf656,garden.viajes,available,37.99,37.99,high,low,6,namesilo,,,27/09/2026 01:57
972e6138-f4b3-409e-ad24-74a6944e921f,freehand.viajes,available,37.99,37.99,high,low,8,namesilo,,,18/08/2026 14:55
1eba2d86-0c02-49c3-ad0c-95d9e44fc730,evelyn.viajes,available,43.98,57.98,high,low,6,namecheap,,,25/09/2026 14:39
3987f795-a229-487f-af5f-f3a5f271ade0,asap.viajes,available,37.99,37.99,high,low,4,namesilo,,,13/09/2026 22:01
7d10ac55-690e-4cd3-b950-3e1e952fd588,shelling.viajes,available,37.99,37.99,medium,low,8,namesilo,,,22/09/2026 08:00
aa1e3661-efb5-4882-a6cb-845f05e276ec,dave.viajes,available,37.99,37.99,high,low,4,namesilo,,,
33695dd4-ace5-42dc-85c7-d45a224dd6a6,supports.viajes,available,37.99,37.99,high,low,8,namesilo,,,17/09/2026 06:20
3ac6c82c-6afb-4163-88c3-449dbaf4b520,stink.viajes,available,37.99,37.99,high,low,5,namesilo,,,
22b76347-ff1a-4ba2-8c17-20ba82a05f6e,oddly.viajes,available,57.98,,high,low,5,namecheap,,,
b334cf2e-e37c-49cc-8f4f-f55a404f1f34,softish.viajes,available,37.99,37.99,medium,low,7,namesilo,,,10/09/2026 03:22
adc60475-9d85-4bcc-a89d-b8e6f6108522,lucerne.viajes,available,43.98,57.98,high,low,7,namecheap,,,18/09/2026 06:08
1434caa8-90fa-4bec-ac68-767937b18415,achomawi.viajes,available,37.99,37.99,medium,low,8,namesilo,,,17/09/2026 00:49
a8e9acab-d787-479b-9258-cd21371d8936,tuscan.viajes,available,43.98,57.98,high,low,6,namecheap,,,11/09/2026 21:27
0f9b112f-9278-468a-98f2-74de12eb5837,bandmaster.viajes,available,37.99,37.99,high,low,10,namesilo,,,22/09/2026 01:26
f9d9b1c0-e619-412f-b667-220b58d06d43,buggy.viajes,available,37.99,37.99,high,low,5,namesilo,,,22/09/2026 08:13
0844e55f-d79f-40b2-bbb6-54ed0918a16a,asymptote.viajes,available,37.99,37.99,medium,low,9,namesilo,,,20/09/2026 18:41
e4f6be04-8c01-436d-b256-b6cc30d3a2d8,calla.viajes,available,37.99,37.99,high,low,5,namesilo,,,20/09/2026 12:12
296c5fd7-6f2a-4d7c-b831-70776c5deac2,proponent.viajes,available,37.99,37.99,high,low,9,namesilo,,,17/09/2026 11:45
4bf46165-923d-4c5b-878c-f823934230ff,ascending.viajes,available,37.99,37.99,high,low,9,namesilo,,,07/08/2026 00:51
5ea84035-0a11-47a1-be4d-e21d23752653,elongated.viajes,available,37.99,37.99,medium,low,9,namesilo,,,16/08/2026 05:26
f99a4f9b-1bfb-4532-9ef1-086d23be5a8a,britten.viajes,available,37.99,37.99,medium,low,7,namesilo,,,23/09/2026 08:15
6fd79770-5d16-48bf-b35a-ab37e4c2dccd,snuff.viajes,available,37.99,37.99,high,low,5,namesilo,,,12/08/2026 07:39
8cd0df19-a552-4349-b463-d6bb77fc7b6f,nebulously.viajes,available,37.99,37.99,low,low,10,namesilo,,,15/09/2026 16:18
c96c6566-be35-4f2f-a908-64bc19887491,anger.viajes,available,57.98,,high,low,5,namecheap,,,
eb58513a-3da1-4bde-bf0d-31f5e926f107,ardea.viajes,available,37.99,37.99,high,low,5,namesilo,,,20/09/2026 03:04
64de7266-54d0-462c-b9d1-d018b7c8b990,atonement.viajes,available,37.99,37.99,high,low,9,namesilo,,,21/09/2026 00:28
2a18c71f-0a6b-40f4-8cf4-4f3a96ac6784,dotcom.viajes,available,37.99,37.99,high,low,7,namesilo,,,14/08/2026 16:26
0939a23a-1523-439e-acdd-63310c14daf4,wares.viajes,available,37.99,37.99,medium,low,5,namesilo,,,23/09/2026 02:54
14d60e27-a563-4cdf-b499-0aaf6abc6863,dates.viajes,available,43.98,57.98,high,low,5,namecheap,,,18/09/2026 18:40
ad4da892-eae3-43f0-911b-f817ffce6ccc,forgetful.viajes,available,37.99,37.99,medium,low,9,namesilo,,,18/08/2026 11:56
63c2550c-64ca-4c10-bb0f-38c6273afadd,mistflower.viajes,available,37.99,37.99,medium,low,10,namesilo,,,17/09/2026 17:17
e6d3f34b-3587-48d0-a86e-fc14ee7c3f36,underived.viajes,available,37.99,37.99,medium,low,9,namesilo,,,12/09/2026 07:29
84d7370c-3644-4b09-b1ce-054fd153e453,rages.viajes,available,63.99,65.99,low,low,5,name.com,,,20/09/2026 11:24
0ec0b892-4778-4a87-8332-768347c335f4,megan.viajes,available,37.99,37.99,medium,low,5,namesilo,,,26/09/2026 03:31
8ff2ff8d-a2ba-4665-8320-d168ffc86e77,duplex.viajes,available,43.98,57.98,high,low,6,namecheap,,,14/08/2026 21:23
7f46fd30-9122-4729-8a11-252fcab14553,trucks.viajes,available,37.99,37.99,high,low,6,namesilo,,,25/09/2026 06:07
fef4fb2f-2726-4b1d-b1ee-7fba8244dedc,sicilian.viajes,available,37.99,37.99,high,low,8,namesilo,,,10/09/2026 07:29
ade227ca-86ec-41a5-92c1-8951db593c18,sculptured.viajes,available,37.99,37.99,high,low,10,namesilo,,,20/08/2026 18:52
73cb600a-893c-4815-aa05-1d23322902da,tanning.viajes,available,43.98,57.98,high,low,7,namecheap,,,22/08/2026 20:14
2756d40f-a3c7-4527-ae8e-13e8aa64d93a,projected.viajes,available,37.99,37.99,high,low,9,namesilo,,,22/08/2026 14:46
d8b32f72-d0ff-4b08-b51f-553ee9bcd7de,perceptive.viajes,available,37.99,37.99,high,low,10,namesilo,,,08/09/2026 16:12
acacdc43-3039-45d9-a17d-67b17d3d5e3a,haircut.viajes,available,57.98,,high,low,7,namecheap,,,
5c953809-7026-4dec-80d4-c4a669d3669d,healthily.viajes,available,37.99,37.99,high,low,9,namesilo,,,14/09/2026 23:15
9896ce8e-c0d4-44d3-a6fd-dcdc9beddfc7,tickets.viajes,available,37.99,37.99,high,low,7,namesilo,,,18/09/2026 23:30
886c1592-3a13-4d92-b033-7ebc4fa44f09,improver.viajes,available,37.99,37.99,high,low,8,namesilo,,,21/08/2026 14:58
cb69e821-8680-4e90-ac06-137769caf18b,divert.viajes,available,63.99,65.99,high,low,6,name.com,,,24/09/2026 07:57
d9d3bdca-20bb-4604-bd69-7b6c99875e17,bottle.viajes,available,37.99,37.99,high,low,6,namesilo,,,24/09/2026 07:30
77d28500-6f7c-4007-97e4-be9ab3dbfcde,alauda.viajes,available,37.99,37.99,high,low,6,namesilo,,,18/09/2026 02:15
a5caee1a-d2a2-4c5e-9f88-72545947393d,shoulder.viajes,available,37.99,37.99,high,low,8,namesilo,,,20/09/2026 11:31
d91c121d-25fa-4f3e-a370-4354a79153fd,petulant.viajes,available,37.99,37.99,medium,low,8,namesilo,,,22/08/2026 10:27
0162d9df-3573-462e-bdbf-316dd6039efe,propose.viajes,available,37.99,37.99,high,low,7,namesilo,,,
23404394-7f45-4cd5-944a-3e6b2c8652a9,lawless.viajes,available,37.99,37.99,medium,low,7,namesilo,,,
e8765179-71d7-4a60-ae45-ae25e0e6a7d2,consistently.viajes,available,37.99,37.99,high,low,12,namesilo,,,
5a1a45aa-c6e4-4cce-9ac5-1fa3fe495332,distinctions.viajes,available,43.98,57.98,medium,low,12,namecheap,,,20/09/2026 03:54
1648d561-caab-4f0f-a3a6-d4cd01a62797,crayon.viajes,available,43.98,57.98,high,low,6,namecheap,,,24/09/2026 19:11
2bf7fced-7221-4841-8510-2dfe2483e093,blister.viajes,available,43.98,57.98,high,low,7,namecheap,,,24/09/2026 05:20
758dad9a-d65f-4826-ad37-eb2f34570028,screecher.viajes,available,43.98,57.98,medium,low,9,namecheap,,,22/09/2026 17:04
7e030089-fc9c-4de0-91e1-4c78287d83b6,andersen.viajes,available,37.99,37.99,high,low,8,namesilo,,,19/09/2026 04:01
1a0b53e4-b17b-43ec-9074-3a036e13e970,sunrise.viajes,available,37.99,37.99,high,low,7,namesilo,,,
05284e33-7984-4e46-b4ab-825ae1528628,drops.viajes,available,37.99,37.99,high,low,5,namesilo,,,18/09/2026 04:47
95bdf7b5-fb1e-4793-b7ae-5e591b79b665,interests.viajes,available,37.99,37.99,high,low,9,namesilo,,,25/09/2026 16:44
2aac1abb-5f18-46cd-80f8-a4da950b4e99,streamed.viajes,available,43.98,57.98,high,low,8,namecheap,,,20/09/2026 17:18
f8ef2a59-70c0-46de-8829-7e7512b4703d,exponent.viajes,available,37.99,37.99,high,low,8,namesilo,,,17/09/2026 11:51
57024763-c044-4299-8a68-a45d40ce99fe,unspotted.viajes,available,43.98,57.98,medium,low,9,namecheap,,,12/09/2026 20:15
7d243621-3f24-41b4-b410-0c66514aa652,recipe.viajes,available,37.99,37.99,high,low,6,namesilo,,,
eb8afec3-a15f-45eb-a452-a5f78d02e128,toss.viajes,available,37.99,37.99,high,low,4,namesilo,,,18/08/2026 08:30
94f4992e-06b2-48e7-81a4-74458853c61b,sub.viajes,available,37.99,37.99,high,low,3,namesilo,,,
2d9a79bb-9469-4b90-8c48-6bf1f94dd9a9,take.viajes,available,37.99,37.99,high,low,4,namesilo,,,
807c2844-b94c-4fe7-8c47-ad5e727cb315,sunnily.viajes,available,37.99,37.99,medium,low,7,namesilo,,,14/09/2026 06:41
c2d257e7-dccb-4f31-85c8-2eac8c790f5b,tiring.viajes,available,37.99,37.99,medium,low,6,namesilo,,,11/09/2026 16:24
91811d8e-a325-4568-b447-61dae4edc38f,cottage.viajes,available,37.99,37.99,high,low,7,namesilo,,,24/09/2026 11:16
3c1fded5-48f0-4568-b7e7-9e309a387b56,triclinic.viajes,available,37.99,37.99,medium,low,9,namesilo,,,
91bbccba-8880-4740-96d5-551b97438168,tamed.viajes,available,37.99,37.99,high,low,5,namesilo,,,11/09/2026 07:46
40e70786-227b-4000-85c6-5f0f104e0da3,austerity.viajes,available,37.99,37.99,medium,low,9,namesilo,,,21/09/2026 04:40
45f07fc7-0cb1-4b91-a81f-abc3ad40321b,pandora.viajes,available,37.99,37.99,high,low,7,namesilo,,,
2c6f7cd4-a163-497c-ab04-5cfa4db33df7,replete.viajes,available,37.99,37.99,high,low,7,namesilo,,,09/09/2026 14:32
e5adb266-8f4a-4c7a-8af1-02561b3e7f2f,sumerian.viajes,available,37.99,37.99,high,low,8,namesilo,,,11/09/2026 01:33
a0b9a708-5c84-4a11-8785-d79803e32538,aggro.viajes,available,63.99,65.99,medium,low,5,name.com,,,17/09/2026 17:46
a832d402-2f00-450b-b894-865f1e9963e4,whichever.viajes,available,37.99,37.99,medium,low,9,namesilo,,,
a4f58514-3982-49a1-8dab-32898bbc7a73,sciences.viajes,available,37.99,37.99,medium,low,8,namesilo,,,
563b3be2-6fe6-4850-8da7-332db6a62c9f,wretched.viajes,available,37.99,37.99,medium,low,8,namesilo,,,14/08/2026 04:09
d85714a6-179b-454f-8817-84406bcdb134,bride.viajes,available,37.99,37.99,high,low,5,namesilo,,,24/09/2026 10:31
8c4d7709-cd2f-4ac9-b2db-119a8b9655b1,barrie.viajes,available,43.98,57.98,medium,low,6,namecheap,,,22/09/2026 08:37
05fd982e-4cb2-4540-8a01-2fcc0f3d1835,biotype.viajes,available,43.98,57.98,high,low,7,namecheap,,,23/09/2026 19:14
258305d2-dd79-4815-9fdb-5b9d93629f56,sizeable.viajes,available,37.99,37.99,high,low,8,namesilo,,,20/08/2026 16:40
19e86a0b-67fd-4da3-8443-4906155d9b25,xxvii.viajes,available,37.99,37.99,medium,low,5,namesilo,,,
25b04a22-081b-40c1-b2f4-7aaf40461460,mismatched.viajes,available,37.99,37.99,medium,low,10,namesilo,,,25/08/2026 01:36
b7d6e861-5a28-4c15-bf53-e16d80bc9f4c,peachy.viajes,available,37.99,37.99,high,low,6,namesilo,,,08/08/2026 12:41
de3bdee0-f1fc-409b-8c85-0b503205987a,jittery.viajes,available,37.99,37.99,medium,low,7,namesilo,,,15/08/2026 08:41
721485c5-51e5-4f10-aede-72c446ad5557,ambergris.viajes,available,37.99,37.99,medium,low,9,namesilo,,,18/09/2026 16:37
4f9aac0d-6cb9-4236-85a7-db54e950cfc4,arng.viajes,available,37.99,37.99,medium,low,4,namesilo,,,20/09/2026 08:02
e81fef59-ee49-4302-bbbf-14bd1098b074,laffer.viajes,available,37.99,37.99,medium,low,6,namesilo,,,20/09/2026 10:59
0ad72b24-d7a2-43ac-8043-1ff991bade81,selections.viajes,available,43.98,57.98,medium,low,10,namecheap,,,20/09/2026 10:53
09b62871-c806-4509-a6dc-fefaeb2a6231,coalition.viajes,available,37.99,37.99,high,low,9,namesilo,,,18/09/2026 07:45
a3277da4-6b60-4c90-b8fb-08d5fdabf6e1,amati.viajes,available,37.99,37.99,high,low,5,namesilo,,,18/09/2026 16:09
c7a22347-7e3c-4263-8963-92726896e82d,learning.viajes,available,43.98,57.98,high,low,8,namecheap,,,27/09/2026 01:54
ae1caffd-6f27-4ed9-9e91-8a62e41dcbe5,hormonal.viajes,available,37.99,37.99,medium,low,8,namesilo,,,21/08/2026 14:02
7cb004f0-569a-4973-9625-894b30841ec7,baptist.viajes,available,37.99,37.99,high,low,7,namesilo,,,22/09/2026 03:32
1121a925-b57b-4534-a921-a238dc266c14,homologous.viajes,available,37.99,37.99,medium,low,10,namesilo,,,21/08/2026 12:58
3d273d91-f596-4673-b0c0-0feedae490ff,automatic.viajes,available,37.99,37.99,high,low,9,namesilo,,,22/09/2026 14:02
2d10f20c-83a9-4da1-b60f-64c0d2b32899,creditable.viajes,available,37.99,37.99,high,low,10,namesilo,,,13/08/2026 05:54
49c027ea-20de-4068-b78f-bd95652236e1,bustling.viajes,available,37.99,37.99,high,low,8,namesilo,,,11/08/2026 11:21
2bea06c8-1273-467a-a0ee-9a5b4999319e,deli.viajes,available,43.98,57.98,high,low,4,namecheap,,,24/09/2026 21:37
bc3756bc-2952-48db-864c-d831c0aae6c6,radial.viajes,available,37.99,37.99,high,low,6,namesilo,,,09/09/2026 09:30
78b8c8e4-406e-4ae4-b907-67821e1126e4,fizzy.viajes,available,37.99,37.99,high,low,5,namesilo,,,18/08/2026 06:03
6b86a1bc-5bee-4f69-9cb9-dcbcc8437d88,quickest.viajes,available,43.98,57.98,medium,low,8,namecheap,,,14/09/2026 17:48
9fef78b8-975e-4d3b-ab7b-542c5378d101,whiz.viajes,available,43.98,57.98,high,low,4,namecheap,,,21/09/2026 18:01
0d34c2ef-5521-4d48-9fd5-354137694b90,trailers.viajes,available,43.98,57.98,medium,low,8,namecheap,,,19/09/2026 01:06
ad62630c-d628-4674-ba2a-03ac5707f835,banter.viajes,available,37.99,37.99,high,low,6,namesilo,,,22/08/2026 13:53
6c1850ea-4abf-4d3d-98ce-e0ba675e21b7,bunghole.viajes,available,37.99,37.99,medium,low,8,namesilo,,,20/09/2026 09:34
2f8c2322-23f5-4478-ab52-d8c1a410ef0d,should.viajes,available,57.98,,high,low,6,namecheap,,,
f5c584a9-bb72-419f-ac61-a2fba2e03179,tate.viajes,available,37.99,37.99,high,low,4,namesilo,,,18/09/2026 10:50
5da49b3a-42d4-4b64-b5cd-56a3f7b47e7c,amplifiers.viajes,available,37.99,37.99,medium,low,10,namesilo,,,17/09/2026 07:12
9d7d0519-52a0-4783-b623-b028d6a27f2d,uncrowned.viajes,available,37.99,37.99,medium,low,9,namesilo,,,13/08/2026 08:36
18932060-1822-4037-880d-c9525ead06ef,sagely.viajes,available,37.99,37.99,medium,low,6,namesilo,,,16/09/2026 00:31
79a70270-44c5-403a-a4a2-8e53e7456d7e,wads.viajes,available,37.99,37.99,high,low,4,namesilo,,,14/09/2026 23:30
a34b5a92-42be-460d-b025-eb3c709421ce,combative.viajes,available,43.98,57.98,high,low,9,namecheap,,,
196aa8ef-c1de-440a-b562-bb35fda92bef,impala.viajes,available,43.98,57.98,high,low,6,namecheap,,,17/09/2026 12:44
e050e15e-b536-480b-bd01-69b842b55173,ariadne.viajes,available,37.99,37.99,high,low,7,namesilo,,,20/09/2026 05:09
c6504ef6-36d4-4d89-9db2-2b09534d3158,emergency.viajes,available,37.99,37.99,high,low,9,namesilo,,,
26f9bc83-aeeb-4486-b045-443866a9bd34,peaty.viajes,available,37.99,37.99,medium,low,5,namesilo,,,08/09/2026 11:28
e0e8e2a1-f290-4214-998f-4e8f586817bc,evidence.viajes,available,37.99,37.99,high,low,8,namesilo,,,24/08/2026 15:05
58e994ec-1758-4fa3-b5e7-d4a2d376e60d,attempts.viajes,available,37.99,37.99,medium,low,8,namesilo,,,18/09/2026 16:41
6a54a654-ec32-46ac-82ba-ad793afbfacc,asper.viajes,available,37.99,37.99,medium,low,5,namesilo,,,20/09/2026 14:47
ee43bc40-7c99-45a3-9840-3362bcde1fc8,monaural.viajes,available,37.99,37.99,medium,low,8,namesilo,,,25/08/2026 04:20
8516ff5d-99f8-4b7d-bb07-97c2422a2e1c,aged.viajes,available,63.99,65.99,high,low,4,name.com,,,21/09/2026 22:26
fbe1f88b-b371-408a-8bb7-7c84899abf3a,fisher.viajes,available,37.99,37.99,high,low,6,namesilo,,,24/09/2026 00:24
71fac847-13a6-4dfd-8698-9889bd311a6c,neptunium.viajes,available,37.99,37.99,medium,low,9,namesilo,,,21/09/2026 00:09
b13671ab-f1ef-4fd5-bb73-437dabda156b,apidae.viajes,available,37.99,37.99,medium,low,6,namesilo,,,19/09/2026 17:24
60f67168-95f9-4350-a412-3229be052148,algometer.viajes,available,37.99,37.99,medium,low,9,namesilo,,,18/09/2026 07:11
d7cfc4fa-b860-45ab-bb65-74619d4d39ad,camus.viajes,available,37.99,37.99,high,low,5,namesilo,,,18/09/2026 02:38
78ebfc34-8581-476b-bfa1-54fa7db65ff3,villain.viajes,available,37.99,37.99,high,low,7,namesilo,,,21/09/2026 16:58
a6255ff2-982a-44f0-93b1-7a533db35c34,sparkling.viajes,available,37.99,37.99,high,low,9,namesilo,,,15/08/2026 14:45
10b4a417-3356-4cdf-ae91-88a672950782,stunner.viajes,available,37.99,37.99,high,low,7,namesilo,,,22/08/2026 16:40
ee55fa49-306e-4395-9145-ae32f2ff8675,unbroken.viajes,available,37.99,37.99,high,low,8,namesilo,,,22/08/2026 15:36
a7d5233e-9577-47d8-8876-57127f6ee0ee,fetching.viajes,available,37.99,37.99,high,low,8,namesilo,,,18/08/2026 02:20
2d8d3c48-4fa8-4552-b842-cebc5b3056c7,lerner.viajes,available,43.98,57.98,high,low,6,namecheap,,,18/09/2026 01:44
a1ef669e-c62f-4a20-84ed-502c5e7c008e,gladiolus.viajes,available,37.99,37.99,high,low,9,namesilo,,,19/08/2026 00:06
c9f5f111-db57-4f9e-83a9-5e1b3eed740b,fertility.viajes,available,43.98,57.98,high,low,9,namecheap,,,23/09/2026 21:05
3f593871-8c1a-4589-baa5-0b74cf22a2f4,borgia.viajes,available,43.98,57.98,medium,low,6,namecheap,,,18/09/2026 05:55
e9b7aefe-9cd1-44d0-9983-a4068115215f,needless.viajes,available,37.99,37.99,medium,low,8,namesilo,,,03/09/2026 14:55
70585dbd-7522-4c11-adcd-900311bfc0d4,moderating.viajes,available,37.99,37.99,medium,low,10,namesilo,,,25/08/2026 02:56
0fa83d4c-1836-4255-8159-d3132cfde73a,aeolian.viajes,available,37.99,37.99,medium,low,7,namesilo,,,
fe1f3f05-17fd-462e-b101-24e0e4828163,obligatory.viajes,available,37.99,37.99,medium,low,10,namesilo,,,03/09/2026 23:42
3bd73320-310e-499c-a064-ce6363bc68c2,classified.viajes,available,37.99,37.99,high,low,10,namesilo,,,19/09/2026 14:44
1b635ce9-bae0-49d4-8fb4-c157e6d1096d,adenoid.viajes,available,37.99,37.99,medium,low,7,namesilo,,,
658be050-a84f-4adc-a152-691ea7ba66af,hypo.viajes,available,37.99,37.99,high,low,4,namesilo,,,21/08/2026 17:15
af3d565a-e564-4d71-be65-43375aec8222,flips.viajes,available,43.98,57.98,medium,low,5,namecheap,,,19/09/2026 20:33
8854aa4c-3e43-494a-a402-daf9e90ec603,raw.viajes,available,37.99,37.99,high,low,3,namesilo,,,08/08/2026 18:20
2eb3ce79-5cc3-46e7-a608-88ff09e41861,town.viajes,available,37.99,37.99,high,low,4,namesilo,,,
c324f518-2868-4956-a128-3f4e5c614fbf,fairish.viajes,available,43.98,57.98,medium,low,7,namecheap,,,17/08/2026 21:12
9c177e36-ada7-4630-ae48-7b1fd4d9ae74,antigua.viajes,available,37.99,37.99,high,low,7,namesilo,,,19/09/2026 14:32
991fba68-9bba-46c8-b9ba-926b1ebe97f2,mecca.viajes,available,37.99,37.99,high,low,5,namesilo,,,
a77a44e9-926b-4ea2-a6ac-32ce3a2a97c8,furtive.viajes,available,37.99,37.99,medium,low,7,namesilo,,,08/08/2026 06:32
f42162fc-fa03-46b8-82da-0685bf1baa25,dana.viajes,available,37.99,37.99,high,low,4,namesilo,,,25/09/2026 22:21
e919148a-1b2d-4955-9a6e-96974eae36a3,granth.viajes,available,37.99,37.99,high,low,6,namesilo,,,17/09/2026 08:05
e2b6bfd4-9c45-4e52-834b-ea5dc09f2818,extravert.viajes,available,43.98,57.98,high,low,9,namecheap,,,17/08/2026 19:28
a5e58b5a-e108-46c6-98d7-77da39469539,scots.viajes,available,37.99,37.99,high,low,5,namesilo,,,09/09/2026 23:33
478b6792-d804-47a7-b5f0-2bc260131587,bait.viajes,available,37.99,37.99,high,low,4,namesilo,,,21/09/2026 19:42
67d60400-a633-44c7-a7d8-ae6d86ccb26a,seals.viajes,available,37.99,37.99,high,low,5,namesilo,,,
1aa4eeb2-bd42-4d3c-9a71-eb703b22e692,futuristic.viajes,available,43.98,57.98,high,low,10,namecheap,,,18/08/2026 19:17
d508c628-2b94-49d8-9e9f-a5fad558fc29,pasted.viajes,available,37.99,37.99,high,low,6,namesilo,,,20/08/2026 15:14
8ceaef0b-4dc1-40b2-b99c-30e0907c8bea,tag.viajes,available,37.99,37.99,high,medium,3,namesilo,,,24/09/2026 13:51
f267a998-733d-4d53-8163-005d8a89f40e,spot.viajes,available,37.99,37.99,high,medium,4,namesilo,,,
b4751868-62dd-4cc9-81b1-afd37b8fe251,kitschy.viajes,available,37.99,37.99,medium,low,7,namesilo,,,09/08/2026 00:53
0a34896f-7b02-4cdb-8ecb-d5bcd43a9979,prosperous.viajes,available,43.98,57.98,high,low,10,namecheap,,,10/08/2026 19:19
1d06e5c5-d420-4898-aab7-fed75a11a447,apparatus.viajes,available,43.98,57.98,high,low,9,namecheap,,,19/09/2026 19:49
4bc1bbc7-723d-491f-b24e-c9883f42592b,terminating.viajes,available,37.99,37.99,medium,low,11,namesilo,,,08/09/2026 14:51
95bfaec0-49bd-4660-b38a-ad2002442bd7,revokable.viajes,available,37.99,37.99,medium,low,9,namesilo,,,09/09/2026 16:23
af54f8a8-b9a5-40d2-824f-dfec73c7f762,satisfies.viajes,available,37.99,37.99,medium,low,9,namesilo,,,20/09/2026 14:54
d4a3c2b3-3b88-45d8-b192-cf4d930907e5,chattel.viajes,available,37.99,37.99,medium,low,7,namesilo,,,25/08/2026 09:00
c6c18993-1594-4534-bda3-c1b96509ddd6,searched.viajes,available,37.99,37.99,high,low,8,namesilo,,,18/09/2026 02:50
a979ff7d-5ffa-460f-9b72-c1b83b197a55,taleteller.viajes,available,37.99,37.99,medium,low,10,namesilo,,,11/09/2026 10:32
937f6d2a-7895-4769-b84a-5d8c767a2f20,face.viajes,available,37.99,37.99,high,low,4,namesilo,,,24/09/2026 21:57
8f8939d6-299f-4d39-b0cf-b612489977d0,extensile.viajes,available,43.98,57.98,medium,low,9,namecheap,,,17/08/2026 19:01
b4716e20-7e6f-4f6b-b955-abe3a8940e36,stressed.viajes,available,37.99,37.99,medium,low,8,namesilo,,,10/09/2026 22:30
1c541288-29ed-4716-ab18-82eb96eabb5e,aegir.viajes,available,37.99,37.99,medium,low,5,namesilo,,,14/08/2026 22:18
190b79ed-20b5-49b0-9485-c31506e63175,rollercoaster.viajes,available,57.98,,high,low,14,namecheap,,,
f67b1333-c21f-476f-af2e-3a1c5f41d374,bethlehem.viajes,available,43.98,57.98,high,low,9,namecheap,,,22/09/2026 18:15
c28ee8b5-e422-414e-8845-bc489043aa24,vaulted.viajes,available,37.99,37.99,high,low,7,namesilo,,,14/08/2026 15:39
d013516d-f1aa-4ff8-9fc2-832ea53948d4,druggist.viajes,available,43.98,57.98,high,low,8,namecheap,,,19/09/2026 19:38
85e4b150-8f6f-49cc-8ac6-fcc0e10ff3e3,chuck.viajes,available,37.99,37.99,high,low,5,namesilo,,,08/09/2026 10:16
e2a57868-92a9-47f1-bda3-fc565b5ec895,duplicity.viajes,available,37.99,37.99,medium,low,9,namesilo,,,14/08/2026 16:52
d0460409-6c1e-48f8-beb7-6414017dd7a9,observation.viajes,available,63.99,65.99,high,low,11,name.com,,,26/09/2026 00:49
f7561953-efdc-425e-a3d3-8c3105a2b61c,briny.viajes,available,37.99,37.99,medium,low,5,namesilo,,,11/08/2026 04:25
74eb485e-ad26-44b3-ae72-262a3a9ec3ca,chomsky.viajes,available,37.99,37.99,medium,low,7,namesilo,,,16/09/2026 12:59
b6c2b97a-02fe-416f-8a6e-5913d087e108,opponent.viajes,available,37.99,37.99,high,low,8,namesilo,,,04/09/2026 16:36
79a94551-14ec-4d6e-aa5d-1e8cb0d1cbfd,package.viajes,available,37.99,37.99,high,low,7,namesilo,,,24/09/2026 07:42
328b945d-4e06-44d3-871a-e727575c7a86,threadbare.viajes,available,37.99,37.99,medium,low,10,namesilo,,,08/08/2026 11:10
844ba9d7-3387-4961-94b0-eb539dbf5e85,stripy.viajes,available,37.99,37.99,medium,low,6,namesilo,,,10/09/2026 22:46
70961f14-42c0-4b00-9c52-20377317ae4e,tend.viajes,available,37.99,37.99,high,low,4,namesilo,,,
1449d9fe-881e-446d-83a9-51d5aaa211ab,interstate.viajes,available,37.99,37.99,high,low,10,namesilo,,,25/09/2026 10:24
a79194ba-dd19-46c2-9ad2-a10f14c28d57,benne.viajes,available,37.99,37.99,medium,low,5,namesilo,,,23/09/2026 08:27
18393e0a-d5b8-420b-853c-250cb88e189b,passes.viajes,available,37.99,37.99,high,low,6,namesilo,,,27/09/2026 02:49
4774b4f0-ba95-41cb-97aa-8813107c2173,agnostical.viajes,available,43.98,57.98,medium,low,10,namecheap,,,
b899359a-ea5d-4d25-856e-3b1a0672c415,parent.viajes,available,37.99,37.99,high,low,6,namesilo,,,
e37c435f-1b10-4ba9-964a-566727ee80f7,allocation.viajes,available,37.99,37.99,high,low,10,namesilo,,,18/09/2026 11:47
e7a86d41-92a3-4a10-8f22-d7f04bc204e9,flakey.viajes,available,37.99,37.99,medium,low,6,namesilo,,,10/08/2026 10:22
d63e5253-7bca-4824-8105-4262c192ea43,forget.viajes,available,37.99,37.99,medium,low,6,namesilo,,,
596448dd-685d-4bb6-bdf0-c21948ce6cf0,rewarding.viajes,available,57.98,,high,low,9,namecheap,,,
70870a4f-56c7-4879-86b4-58cc71979352,prideful.viajes,available,43.98,57.98,medium,low,8,namecheap,,,17/08/2026 19:48
6262aac6-1170-415d-9b49-64cdaa885940,aflame.viajes,available,37.99,37.99,high,low,6,namesilo,,,
4c5f1434-7752-4546-b1e0-6805f24af7ac,squatting.viajes,available,37.99,37.99,medium,low,9,namesilo,,,10/09/2026 17:35
f198154c-3e89-4159-ba9c-01e40385fc5e,nonuple.viajes,available,37.99,37.99,low,low,7,namesilo,,,03/09/2026 17:30
263c1c57-e5bb-4108-8b65-afd463cc01f3,proactive.viajes,available,37.99,37.99,high,low,9,namesilo,,,
0c1ef9ac-ff9c-42b8-84e5-24c78c700e25,petty.viajes,available,43.98,57.98,high,low,5,namecheap,,,24/09/2026 17:49
31c57426-22e7-4ed1-bc05-2ac05172afe1,satiate.viajes,available,37.99,37.99,high,low,7,namesilo,,,09/09/2026 14:28
bcf08dfd-132f-41ae-9221-587a30989f1d,parents.viajes,available,37.99,37.99,high,low,7,namesilo,,,
d0a7a3ca-ee4b-40ca-af34-7003167bb9d6,stir.viajes,available,37.99,37.99,high,low,4,namesilo,,,17/09/2026 09:23
cc18e1c4-2431-4e05-a0d7-c43f183e76bc,blood.viajes,available,37.99,37.99,high,low,5,namesilo,,,27/09/2026 03:17
c4263f23-f9ee-4742-96dd-5cedd99a99c0,requirements.viajes,available,37.99,37.99,medium,low,12,namesilo,,,17/09/2026 10:26
e29f4834-f2da-45c8-9f86-4a512b94f084,lurk.viajes,available,37.99,37.99,high,low,4,namesilo,,,11/09/2026 08:38
f4dc4350-9488-4020-b498-82458a20bc2d,vladimir.viajes,available,37.99,37.99,high,low,8,namesilo,,,25/09/2026 14:40
4ecc1e97-05fe-4ee0-99b5-e21b20767b47,requisitions.viajes,available,37.99,37.99,medium,low,12,namesilo,,,20/09/2026 14:26
77a92e72-c445-4ce2-8622-f2743e7aab0c,parvati.viajes,available,43.98,57.98,high,low,7,namecheap,,,19/09/2026 02:21
ebc3ba39-3fd1-43be-87d0-e1496176802f,avestan.viajes,available,37.99,37.99,medium,low,7,namesilo,,,07/08/2026 23:07
d1f65101-72d8-411f-a008-2be786c130b6,importance.viajes,available,57.98,,high,low,10,namecheap,,,
c643767a-368f-41ee-b8b8-14f687ecc610,jerk.viajes,available,37.99,37.99,high,low,4,namesilo,,,25/09/2026 11:41
5650dfd9-0e49-4c4b-84e4-c297543abd2b,iphone.viajes,available,,,high,high,6,,,,
caa0fa77-9094-42d6-bc7d-5da542e42b8a,analog.viajes,available,37.99,37.99,high,low,6,namesilo,,,
57b995c9-866c-410d-ac30-559a220c1be1,filipino.viajes,available,37.99,37.99,high,low,8,namesilo,,,18/08/2026 04:19
85aaddbf-ef88-4e27-bcd5-cb2f96746c01,bise.viajes,available,43.98,57.98,medium,low,4,namecheap,,,23/09/2026 21:37
aac02bb8-75d9-4610-b5a7-11735716eef3,mural.viajes,available,37.99,37.99,high,low,5,namesilo,,,03/09/2026 11:00
2816ffd0-d4a5-44b4-b1e1-d53036bc3b73,ticking.viajes,available,57.98,,high,low,7,namecheap,,,
0f79cc8d-fb61-43d2-90cd-32cfb4b709c3,artois.viajes,available,37.99,37.99,medium,low,6,namesilo,,,20/09/2026 12:02
f5a16285-8182-4ec0-bad6-547a2274baa4,sluggish.viajes,available,37.99,37.99,medium,low,8,namesilo,,,10/09/2026 11:29
18732a4f-e5bc-4ea1-8d7e-99b66fd2db6f,sly.viajes,available,43.98,57.98,high,low,3,namecheap,,,24/09/2026 01:29
237b3b89-0942-496a-9c1b-0819872a55ad,riemann.viajes,available,37.99,37.99,high,low,7,namesilo,,,23/09/2026 09:54
b8b20ce3-9648-4b9f-99ab-44a53d76539f,seismic.viajes,available,37.99,37.99,high,low,7,namesilo,,,10/09/2026 01:52
69103965-fa3e-4500-8331-06f4554e74b5,floaty.viajes,available,37.99,37.99,high,low,6,namesilo,,,11/08/2026 10:08
75432fa1-49f4-4d7d-ae3e-56276e1f7dc8,capitalize.viajes,available,37.99,37.99,high,low,10,namesilo,,,
8517b82e-9d1f-4218-aa1c-f9904ab9a056,geological.viajes,available,37.99,37.99,high,low,10,namesilo,,,18/08/2026 22:28
12e461a0-b8ea-46dd-8262-596bb3925dfd,floccose.viajes,available,37.99,37.99,medium,low,8,namesilo,,,18/08/2026 08:36
192cdaac-b8e4-4af6-93dc-640b412316f8,tonic.viajes,available,37.99,37.99,high,low,5,namesilo,,,19/09/2026 16:01
e7a4f810-42da-462c-980a-efc93f5712e7,sayonara.viajes,available,43.98,57.98,high,low,8,namecheap,,,17/09/2026 08:15
a2c179c5-249e-47a7-a0e8-505aa253c6b3,customers.viajes,available,37.99,37.99,high,low,9,namesilo,,,25/09/2026 17:13
fb44cd42-a15e-434d-b559-a6ffdf6c0437,honored.viajes,available,37.99,37.99,high,low,7,namesilo,,,17/08/2026 13:25
3d54b35d-bd5f-4ded-88b4-7e9a7a219434,marguerite.viajes,available,37.99,37.99,high,low,10,namesilo,,,20/09/2026 04:58
06093552-1069-443b-8427-d51185de9394,intensive.viajes,available,37.99,37.99,high,low,9,namesilo,,,25/09/2026 09:57
6a4d0ac4-b46d-4069-bd89-15e333714ffc,ternate.viajes,available,37.99,37.99,medium,low,7,namesilo,,,11/09/2026 11:53
679be566-598c-4339-a168-11c46654ed4c,pean.viajes,available,37.99,37.99,medium,low,4,namesilo,,,05/09/2026 00:47
6364fb11-15ee-446f-b169-38255b4f4d91,aluminum.viajes,available,37.99,37.99,high,low,8,namesilo,,,18/09/2026 00:21
0b49c0e7-ec4e-43a5-9424-2347f40f8448,unalarming.viajes,available,37.99,37.99,medium,low,10,namesilo,,,12/09/2026 00:14
c8cb6bb8-ea9d-4d86-979e-9a30fb790b7f,rand.viajes,available,37.99,37.99,high,low,4,namesilo,,,21/09/2026 10:39
8deb508e-1d24-451a-9779-52a526cd4c3d,adjective.viajes,available,37.99,37.99,high,low,9,namesilo,,,
af8d4a70-461e-4758-b4fb-645ef943ee0a,analogist.viajes,available,43.98,57.98,medium,low,9,namecheap,,,19/09/2026 01:52
5d0abd44-c586-4974-96a3-a14c598e112d,accordant.viajes,available,37.99,37.99,high,low,9,namesilo,,,
87159f23-679d-4b5d-96c6-f6df1f0c9540,comes.viajes,available,43.98,57.98,high,low,5,namecheap,,,17/09/2026 22:46
a05898cf-62d7-4185-a291-0f79169db2a6,ingrained.viajes,available,37.99,37.99,high,low,9,namesilo,,,13/08/2026 22:49
92747856-e8f3-4a41-a324-9a33537a3498,unfair.viajes,available,37.99,37.99,high,low,6,namesilo,,,
587c8b40-e52e-49cf-a338-87bbbc473639,died.viajes,available,37.99,37.99,low,low,4,namesilo,,,
15f758b5-0412-4497-b7b0-dcb02145d33b,carved.viajes,available,43.98,57.98,high,low,6,namecheap,,,11/08/2026 19:57
b337fdb7-f44f-4daf-a8af-458f2c5af25c,bleak.viajes,available,43.98,57.98,medium,low,5,namecheap,,,08/08/2026 21:02
e1042a86-b7ae-4458-aef8-ce69ed4fcdc8,incestuous.viajes,available,37.99,37.99,medium,low,10,namesilo,,,22/08/2026 01:12
3071d56e-7578-4f79-93e5-5d8cbadd7303,iliac.viajes,available,37.99,37.99,medium,low,5,namesilo,,,21/08/2026 18:45
49fb678c-3d2f-462b-9cc8-5a5b6a46b9cf,having.viajes,available,37.99,37.99,high,low,6,namesilo,,,
3cfcb196-56b7-40ce-9622-a77005239e34,bandit.viajes,available,37.99,37.99,high,low,6,namesilo,,,22/09/2026 01:19
0e90f24f-5519-4ec3-97bf-de5d6a87cdc2,humble.viajes,available,37.99,37.99,high,low,6,namesilo,,,22/09/2026 17:44
e7da12ae-89d1-42c4-8ccf-6d9bb3d2c38f,bentonite.viajes,available,37.99,37.99,high,low,9,namesilo,,,23/09/2026 08:46
33f0f07a-ccf1-48a5-b09d-b646a5fb4ad0,wagering.viajes,available,37.99,37.99,high,low,8,namesilo,,,25/09/2026 02:56
d57f2a0f-c2b6-481a-96cc-52f811f86472,festal.viajes,available,37.99,37.99,high,low,6,namesilo,,,18/08/2026 02:13
a9df4fac-2549-43ec-802e-482f5598f9d1,moving.viajes,available,37.99,37.99,high,low,6,namesilo,,,25/09/2026 22:01
73421a97-7550-4153-ac92-31ed3511b704,could.viajes,available,37.99,37.99,high,low,5,namesilo,,,
05330b64-8afe-46f2-82c8-7713e25ca19d,liveable.viajes,available,37.99,37.99,high,low,8,namesilo,,,24/08/2026 07:44
44b7d46d-63e0-4040-99e5-bf7286c47022,appreciates.viajes,available,43.98,57.98,medium,low,11,namecheap,,,20/09/2026 20:35
9242fd85-64fd-49e5-b929-83299e7c6b26,febrile.viajes,available,37.99,37.99,medium,low,7,namesilo,,,18/08/2026 00:27
0a01d9b4-9775-40c4-aad6-05aa1869b844,soupy.viajes,available,37.99,37.99,medium,low,5,namesilo,,,09/08/2026 01:20
1bbfe462-f41c-415e-8a65-e418589f27f7,aboveboard.viajes,available,37.99,37.99,medium,low,10,namesilo,,,
8d84e5d2-67d8-497f-834e-cf8315b10c3f,temperature.viajes,available,37.99,37.99,high,low,11,namesilo,,,
964dda3d-1159-45b0-9f64-88f8ef09ad55,baffling.viajes,available,37.99,37.99,medium,low,8,namesilo,,,08/08/2026 08:02
a72a7e11-2a1f-487a-89a7-e4486dd18566,handsome.viajes,available,43.98,57.98,high,low,8,namecheap,,,09/08/2026 18:09
4d521595-4095-49e8-be03-04c3905125aa,gaslit.viajes,available,37.99,37.99,medium,low,6,namesilo,,,17/09/2026 16:25
603a9111-70a4-4ead-9298-c4d9095561d6,businessman.viajes,available,37.99,37.99,high,low,11,namesilo,,,19/09/2026 04:56
ad0adb62-80ca-4e4f-ba5e-f3cf902de4bb,grace.viajes,available,43.98,57.98,high,medium,5,namecheap,,,24/09/2026 21:11
e1d91344-0e17-42d0-8e8c-1dca1fb1d536,hub.viajes,available,37.99,37.99,high,medium,3,namesilo,,,
7ed6b44c-1b8c-434a-b5aa-c428bb2ab426,bight.viajes,available,37.99,37.99,high,low,5,namesilo,,,23/09/2026 15:12
61c666d2-504a-4f6c-b66e-670d02718dd4,frankie.viajes,available,37.99,37.99,high,low,7,namesilo,,,26/09/2026 03:25
1c9e9b84-408a-4a61-a844-a70c7fdf1d0c,seraphic.viajes,available,37.99,37.99,high,low,8,namesilo,,,12/08/2026 04:26
2a3606df-cdcc-4c96-a655-9f276daf94a9,arching.viajes,available,37.99,37.99,medium,low,7,namesilo,,,06/08/2026 14:39
d49466a2-e82b-44ee-a986-1b4460c108b6,premarital.viajes,available,43.98,57.98,high,low,10,namecheap,,,22/09/2026 06:09
8415f9b5-d896-475c-a8f2-4c07ec0ca987,stories.viajes,available,43.98,57.98,high,medium,7,namecheap,,,17/09/2026 13:42
135ef6dd-a69c-4eff-8dc4-1753bfb7e706,flor.viajes,available,37.99,37.99,high,low,4,namesilo,,,
421eaf92-81d2-4561-a38d-bde1ef5b1bdb,blackshirt.viajes,available,37.99,37.99,medium,low,10,namesilo,,,24/09/2026 03:05
cf559217-c624-45c6-96e0-41ce7fbd8ba2,andrena.viajes,available,37.99,37.99,medium,low,7,namesilo,,,19/09/2026 04:31
9052d4f7-faae-4f42-b99c-196f38662f51,reversive.viajes,available,37.99,37.99,medium,low,9,namesilo,,,09/09/2026 16:11
cb9519c6-eba9-4513-a2c5-9b42f9712cdc,braille.viajes,available,37.99,37.99,high,low,7,namesilo,,,24/09/2026 08:01
53e61793-cd52-472e-b66b-21cba064c89b,cooke.viajes,available,63.99,65.99,high,low,5,name.com,,,18/09/2026 06:21
de847291-de82-4c29-81d1-9fe53767eb07,amok.viajes,available,37.99,37.99,high,low,4,namesilo,,,
4e0e6742-cfba-4be4-ba15-b8cf48b053fd,waited.viajes,available,37.99,37.99,medium,low,6,namesilo,,,18/09/2026 01:45
9ce18024-2a9d-4604-86ed-2d17e5728674,ringtail.viajes,available,37.99,37.99,medium,low,8,namesilo,,,22/09/2026 12:08
74337bc3-5023-45ba-b2e4-a6d548caa2fa,tog.viajes,available,43.98,57.98,high,low,3,namecheap,,,19/09/2026 20:00
e498a38b-4d59-4279-93f0-4a8a9aceb9d0,secured.viajes,available,37.99,37.99,high,low,7,namesilo,,,
defd2d1b-8817-49af-8cc1-ac771c4be3bb,assurgent.viajes,available,37.99,37.99,medium,low,9,namesilo,,,07/08/2026 08:26
4a2c1d04-6e0f-44b8-87f6-ef23200105ef,halcyon.viajes,available,37.99,37.99,high,low,7,namesilo,,,20/08/2026 22:20
9bd66e9d-7b90-4ece-b36c-0297e1e65e33,tell.viajes,available,37.99,37.99,high,low,4,namesilo,,,
70fa2bc6-cd88-432f-8796-85f5f5118204,coppery.viajes,available,37.99,37.99,medium,low,7,namesilo,,,13/08/2026 00:34
9e6ede3a-2533-4375-905b-b8a4d77f47f3,extendable.viajes,available,43.98,57.98,medium,low,10,namecheap,,,17/08/2026 18:59
0efe969d-3e72-45c6-ba2a-f3f9d8b50321,unequaled.viajes,available,37.99,37.99,high,low,9,namesilo,,,12/09/2026 09:09
a752c133-6925-4e87-98f9-8b202bd31588,arp.viajes,available,37.99,37.99,high,low,3,namesilo,,,20/09/2026 08:35
f11cd4dd-31ab-4651-bc81-514c1e1e794a,xci.viajes,available,43.98,57.98,medium,low,3,namecheap,,,
f5a3ca27-06a8-4630-8d37-04eebe4b7775,cloudiness.viajes,available,43.98,57.98,medium,low,10,namecheap,,,04/09/2026 20:28
577fa895-aef9-4962-b81a-d5c208cdfcb8,dashing.viajes,available,63.99,65.99,high,low,7,name.com,,,13/08/2026 17:27
bee62feb-ee4a-4edb-803c-d87bfad98492,octuple.viajes,available,37.99,37.99,medium,low,7,namesilo,,,15/08/2026 21:25
424c6caf-348b-42de-a7cc-040b71f9ef3a,units.viajes,available,37.99,37.99,high,low,5,namesilo,,,17/09/2026 16:07
0aa4a14a-9b2a-4a8f-9416-bdd26cc7cfd3,starkers.viajes,available,43.98,57.98,low,low,8,namecheap,,,10/09/2026 18:51
4e47b1a7-66a6-4204-9a3b-6eecbdd55b6e,peppery.viajes,available,37.99,37.99,medium,low,7,namesilo,,,08/09/2026 15:37
4b594457-f770-496a-98a4-bb86081c0cd0,gloved.viajes,available,37.99,37.99,high,low,6,namesilo,,,20/08/2026 14:52
c6aa25f5-0a87-4c43-9d2d-a0a93954508b,kernel.viajes,available,37.99,37.99,high,low,6,namesilo,,,14/09/2026 23:39
2d41cb61-7bdc-4207-8e6f-66e94ffba7ce,independent.viajes,available,57.98,,high,low,11,namecheap,,,
0b8dbbc9-40b9-4184-b1e6-dde692627375,rectal.viajes,available,37.99,37.99,medium,low,6,namesilo,,,09/09/2026 11:51
6e43c680-9422-41d1-a2da-3131e934dba2,gangly.viajes,available,43.98,57.98,medium,low,6,namecheap,,,18/08/2026 20:09
13101fd0-f863-40dc-8951-0a4e6f444f27,unfailing.viajes,available,37.99,37.99,high,low,9,namesilo,,,18/08/2026 10:39
1ddeb685-9c1d-485c-b942-6ec822cb1ad5,jaggy.viajes,available,37.99,37.99,medium,low,5,namesilo,,,17/08/2026 12:34
98f222bf-bb51-4a20-84a7-0653f8f7794d,imitative.viajes,available,37.99,37.99,medium,low,9,namesilo,,,13/08/2026 03:34
27d04d67-ea1c-45ec-b2dd-e85dd4d9ee9d,lubricious.viajes,available,37.99,37.99,medium,low,10,namesilo,,,24/08/2026 10:50
64251a60-d4ea-4737-9b1c-50f93f39007e,handsomely.viajes,available,37.99,37.99,high,low,10,namesilo,,,14/09/2026 22:57
f6299abe-f111-4761-8e63-ff5daebc305c,rushed.viajes,available,57.98,,high,low,6,namecheap,,,
790781e5-fc55-424a-988b-37ef002cc45c,catered.viajes,available,37.99,37.99,medium,low,7,namesilo,,,20/09/2026 17:04
65f0517a-be95-4959-b6d6-a0b180c04395,hoofed.viajes,available,37.99,37.99,medium,low,6,namesilo,,,21/08/2026 13:40
5674e995-3ea3-4043-9613-d8526ab7179b,torrential.viajes,available,43.98,57.98,medium,low,10,namecheap,,,11/09/2026 17:57
dbb2eece-df38-456b-b6a7-512e33cc3e99,pally.viajes,available,37.99,37.99,high,low,5,namesilo,,,12/08/2026 07:42
28add330-b131-4a54-9d7b-9ad53ce59ddb,hebridean.viajes,available,37.99,37.99,high,low,9,namesilo,,,21/08/2026 05:45
db9cddb8-8c03-484d-b889-302b8c57f2f4,althea.viajes,available,43.98,57.98,medium,low,6,namecheap,,,18/09/2026 14:54
3e42ae22-d013-4e42-a80f-5dd252873b64,ratty.viajes,available,37.99,37.99,medium,low,5,namesilo,,,25/08/2026 06:53
c5e473a3-ce65-413d-8ac4-c2c05c44fcfe,scoops.viajes,available,37.99,37.99,medium,low,6,namesilo,,,20/09/2026 12:19
e2539d6a-84c6-4a07-977c-7fe4e49861e0,untrustworthy.viajes,available,37.99,37.99,medium,low,13,namesilo,,,
3afe3d76-d736-4902-8199-29c3c31777fa,apply.viajes,available,37.99,37.99,high,low,5,namesilo,,,23/09/2026 08:15
6e7b3641-90cd-47bd-82fd-99b9df2b5f6c,armory.viajes,available,37.99,37.99,high,low,6,namesilo,,,20/09/2026 07:31
7fa4071d-1331-4e99-b9bc-9fba8bc56b35,desiccated.viajes,available,37.99,37.99,medium,low,10,namesilo,,,14/08/2026 03:33
00c00e45-2654-4a8f-a7b9-4fba5c362088,cultivator.viajes,available,63.99,65.99,high,low,10,name.com,,,17/09/2026 19:20
20c0ae2b-2e7f-4ae3-90e0-2b94cffff380,endoergic.viajes,available,37.99,37.99,medium,low,9,namesilo,,,17/08/2026 01:08
68aaf9b9-c604-4af7-a209-ad69f30373a7,crust.viajes,available,37.99,37.99,high,low,5,namesilo,,,24/09/2026 14:05
a926e334-be7e-4afc-93bd-0a476b6902b3,comparable.viajes,available,37.99,37.99,high,low,10,namesilo,,,23/09/2026 16:34
922e6c38-1ea0-4581-9d7d-7f4a2eea4f52,arboretum.viajes,available,37.99,37.99,high,low,9,namesilo,,,20/09/2026 00:49
20741905-e53f-498f-8768-cd940a1d345b,percent.viajes,available,37.99,37.99,high,low,7,namesilo,,,25/09/2026 23:58
da1cb46e-da72-4640-8a78-a4cd66e5ba30,countless.viajes,available,37.99,37.99,high,low,9,namesilo,,,24/09/2026 00:28
1acb258e-7948-4190-9bd2-22cf84bc43eb,dogsit.viajes,available,37.99,37.99,high,low,6,namesilo,,,
2b147e83-a607-48dd-b08d-601f7d9eea1a,philia.viajes,available,43.98,57.98,high,low,6,namecheap,,,17/09/2026 14:21
215996c2-66ef-46de-bd9e-35b76920eeec,birdbrain.viajes,available,37.99,37.99,medium,low,9,namesilo,,,17/09/2026 07:04
9f8af8df-1d9f-4809-a415-97f589f5efd5,reticent.viajes,available,57.98,,medium,low,8,namecheap,,,
973d116c-0d4e-4f13-88af-37afb040baeb,tamable.viajes,available,37.99,37.99,medium,low,7,namesilo,,,11/09/2026 07:36
5f451633-8e4a-4b15-be6b-62ed46a34a08,manageable.viajes,available,37.99,37.99,high,low,10,namesilo,,,21/09/2026 15:48
242ade6a-7da9-4a3c-97d7-98f7711bb424,addict.viajes,available,37.99,37.99,high,low,6,namesilo,,,17/09/2026 06:48
4c36ebec-c46e-4039-ab71-65b6e9ca3932,adar.viajes,available,43.98,57.98,medium,low,4,namecheap,,,17/09/2026 06:32
c3d02a98-9b76-44c0-b011-b0b5cdee7cee,utah.viajes,premium,118.8,118.8,high,low,4,namesilo,,,23/09/2026 01:17
4e909cd0-66f1-484d-8746-ee9e6f731510,pinnacle.viajes,available,43.98,57.98,high,low,8,namecheap,,,24/08/2026 20:50
b9673c8a-a4ad-4525-a724-d4f86eba9b16,trap.viajes,available,37.99,37.99,high,low,4,namesilo,,,25/09/2026 15:44
df21dfb3-28a9-4d4f-aaf2-6ea2f78f8f37,onymous.viajes,available,37.99,37.99,medium,low,7,namesilo,,,04/09/2026 15:26
a6c6b79d-38d1-4728-8922-77f6e5ef5b17,castor.viajes,available,43.98,57.98,medium,low,6,namecheap,,,18/09/2026 13:36
5c9a64c5-379c-4e8f-bc25-825050dbca4d,lutetium.viajes,available,37.99,37.99,medium,low,8,namesilo,,,20/09/2026 23:39
b8ba5781-55cb-41c0-afbc-8d105f643729,cantala.viajes,available,37.99,37.99,medium,low,7,namesilo,,,17/09/2026 16:42
19cfe6a9-09da-4b23-9147-9e16ee806a6b,filter.viajes,available,37.99,37.99,high,low,6,namesilo,,,25/09/2026 00:06
38210956-8f6e-4dfe-a053-08a33bf6d411,sounds.viajes,available,43.98,57.98,high,low,6,namecheap,,,25/09/2026 17:10
7bc97248-81b2-479d-a3da-eb7fdfe12b0a,loud.viajes,available,43.98,57.98,high,low,4,namecheap,,,24/09/2026 19:25
f9afbdfd-4443-4b00-89c4-8b4c20b74d1c,antiserum.viajes,available,37.99,37.99,medium,low,9,namesilo,,,19/09/2026 15:05
16473766-c57e-430b-a0f8-b505d34e3adb,paddlefish.viajes,available,37.99,37.99,medium,low,10,namesilo,,,14/08/2026 20:48
83f8c3c1-96d5-4307-a6db-046afed0298f,insanely.viajes,available,37.99,37.99,medium,low,8,namesilo,,,14/09/2026 09:13
66959ab7-6291-4481-91ba-23cd91e88101,lucullan.viajes,available,37.99,37.99,high,low,8,namesilo,,,24/08/2026 11:00
5a6457e7-f9a9-4d86-95c0-3ba16729e056,apis.viajes,available,37.99,37.99,high,medium,4,namesilo,,,19/09/2026 17:28
a7192bde-b0b9-4daf-8358-4bf121c76864,halting.viajes,available,37.99,37.99,high,low,7,namesilo,,,13/08/2026 07:02
ff5d1cdb-14af-45e6-92f1-5549a76bfdc6,orpin.viajes,available,37.99,37.99,medium,low,5,namesilo,,,24/08/2026 08:00
b5e75a0f-4d23-40ec-9f5b-c12bdd5f3145,untanned.viajes,available,43.98,57.98,medium,low,8,namecheap,,,12/09/2026 21:00
3703671b-9dd8-4c64-82a2-4f36cdeb3c5a,scrimmage.viajes,available,37.99,37.99,high,low,9,namesilo,,,22/09/2026 16:24
154230d5-a7b2-44f0-a3cb-c3a080af07aa,monoclonal.viajes,available,37.99,37.99,medium,low,10,namesilo,,,19/09/2026 05:27
31adca83-5af4-450f-8fe3-0b2b7740647a,licensed.viajes,available,37.99,37.99,high,low,8,namesilo,,,19/09/2026 16:56
539a972b-6fe7-441d-a5f1-b08595ca2582,bellman.viajes,available,37.99,37.99,high,low,7,namesilo,,,23/09/2026 06:01
f28dcd06-63c5-4181-8829-a55f3d1eee62,indigo.viajes,available,37.99,37.99,high,low,6,namesilo,,,22/08/2026 03:01
8ff5f406-83fb-4ae2-a2f0-48e828eb70a5,varied.viajes,available,37.99,37.99,high,low,6,namesilo,,,
b457c399-9a1b-41c1-9574-a75f3f3e31d0,barmy.viajes,available,37.99,37.99,medium,low,5,namesilo,,,06/08/2026 20:25
bd2b7aed-3720-402e-a85d-a5ce7539b269,eurasian.viajes,available,37.99,37.99,high,low,8,namesilo,,,17/08/2026 14:26
a902cdc1-34da-445e-9486-fe5072cd5f44,arenga.viajes,available,43.98,57.98,medium,low,6,namecheap,,,20/09/2026 03:43
542c0d84-e585-49f9-859f-3a113ef8a5c1,arranger.viajes,available,43.98,57.98,high,low,8,namecheap,,,17/09/2026 06:29
c1d31ad6-0b04-4fef-9973-bd7e1e5f9279,cherokee.viajes,available,37.99,37.99,high,low,8,namesilo,,,24/09/2026 14:17
1414dc47-39f3-4a1c-852c-21bc99c1222f,corrective.viajes,available,37.99,37.99,high,low,10,namesilo,,,23/09/2026 23:46
7f837680-6172-43a1-b2a4-5089885605af,retraction.viajes,available,37.99,37.99,high,low,10,namesilo,,,16/09/2026 15:59
d226669e-0113-4d36-b822-480c66495e1d,unknown.viajes,available,37.99,37.99,high,low,7,namesilo,,,03/09/2026 12:55
4e0ebf25-5840-4189-bc65-129fa7e7d22d,stood.viajes,available,37.99,37.99,medium,low,5,namesilo,,,
65a69c5d-20b9-468f-868d-02674d90f7d8,unwanted.viajes,available,37.99,37.99,high,low,8,namesilo,,,12/09/2026 07:48
00b081b9-3068-4979-ac1e-1111952d8772,structural.viajes,available,37.99,37.99,high,low,10,namesilo,,,19/09/2026 17:09
43085ba3-1d75-43d6-8706-78e8ed22c622,stability.viajes,available,37.99,37.99,high,low,9,namesilo,,,
a7a27f71-fbde-4015-a4f9-2273cd2dd322,flattened.viajes,available,37.99,37.99,medium,low,9,namesilo,,,18/08/2026 06:55
1daea722-0610-4589-9207-968e72e95b74,ogden.viajes,available,37.99,37.99,medium,low,5,namesilo,,,25/09/2026 03:51
20ffcc6e-355a-4d8d-bf95-5efdc760890c,aorta.viajes,available,37.99,37.99,high,low,5,namesilo,,,19/09/2026 16:04
921c15aa-ab13-498e-a539-3ee4dc37fc6b,unemployment.viajes,available,37.99,37.99,high,low,12,namesilo,,,
9fab30a4-d5a6-4c5b-b33c-457fa4d82bfe,cover.viajes,available,37.99,37.99,high,low,5,namesilo,,,22/09/2026 21:52
953c9d01-62a1-4aaa-8970-fc0bae153b64,subliminal.viajes,available,37.99,37.99,high,low,10,namesilo,,,11/09/2026 00:08
be1b78ac-ae0b-4d37-bacb-a4fa3824c94e,yarrow.viajes,available,37.99,37.99,medium,low,6,namesilo,,,17/09/2026 00:36
0ccadea2-b25d-4e64-a035-e3826142b181,shall.viajes,available,37.99,37.99,high,low,5,namesilo,,,
2566dcdf-05ab-4deb-9638-6a95454e1628,cordial.viajes,available,43.98,57.98,high,low,7,namecheap,,,21/09/2026 21:39
7a9f76ed-106d-4d23-a2b4-e939d41aa91f,germany.viajes,available,,,high,high,7,,,,
8f105d68-6c65-480b-b7a3-c6a3f7a399bb,bentwood.viajes,available,37.99,37.99,medium,low,8,namesilo,,,23/09/2026 08:47
ac02866e-7e4b-40c4-a9e1-325b97a3196e,steps.viajes,available,37.99,37.99,high,low,5,namesilo,,,
5d9bb207-4f00-4c69-b806-3ca17265eeea,embracing.viajes,available,37.99,37.99,high,low,9,namesilo,,,
7a095c8b-0ff7-48c9-9092-921b6ba59e01,banting.viajes,available,37.99,37.99,high,low,7,namesilo,,,22/09/2026 03:15
7a573c5f-04b5-4dc2-9943-8ffd5125429f,drain.viajes,available,37.99,37.99,high,low,5,namesilo,,,24/09/2026 23:49
50b0c0ac-4728-4bdc-8ba7-9d75982ee68a,acapnia.viajes,available,43.98,57.98,medium,low,7,namecheap,,,16/09/2026 21:08
7da0c782-9fd7-4661-96ea-8f235a925969,augean.viajes,available,37.99,37.99,medium,low,6,namesilo,,,07/08/2026 16:54
d5df4fe5-d12f-4076-b0b7-f64b80f690a1,artfulness.viajes,available,43.98,57.98,high,low,10,namecheap,,,20/09/2026 10:34
2ea859ea-dd53-4720-b754-5d998b7d526c,showered.viajes,available,43.98,57.98,medium,low,8,namecheap,,,20/09/2026 16:51
cbe0e9bc-69d3-477a-aaf2-4a020f66e42e,businesses.viajes,available,37.99,37.99,high,low,10,namesilo,,,23/09/2026 07:34
6cf92708-81c5-4f3e-8db8-e600da5a2d53,colloidal.viajes,available,37.99,37.99,medium,low,9,namesilo,,,12/08/2026 17:12
44fbb093-3f46-4593-9c5e-be0f8f13c0ca,sinuous.viajes,available,37.99,37.99,high,low,7,namesilo,,,10/09/2026 08:38
e6172fbb-4507-4162-b2cd-2881fd66b223,gag.viajes,available,37.99,37.99,high,low,3,namesilo,,,
2c0c3ace-7d74-4cc2-895f-3ce354e53c12,busty.viajes,available,43.98,57.98,medium,low,5,namecheap,,,10/08/2026 20:26
19b79ddc-669d-4f56-beca-939e1d02c8e3,ballock.viajes,available,37.99,37.99,medium,low,7,namesilo,,,21/09/2026 23:03
2867f4c2-83e0-4903-9ab4-7e9cd7ce5e23,enough.viajes,available,43.98,57.98,high,low,6,namecheap,,,24/09/2026 14:04
272a743e-4f08-42bf-bcbf-b12198fcec5b,diabolic.viajes,available,37.99,37.99,medium,low,8,namesilo,,,14/08/2026 01:28
643dd191-99ac-4b49-9158-3bb6f010bcc4,regular.viajes,available,37.99,37.99,high,low,7,namesilo,,,
7afbebd9-1e1e-4c01-b776-41d7605ded47,constantine.viajes,available,37.99,37.99,high,low,11,namesilo,,,25/09/2026 14:18
c21d4610-70a6-4054-9ecf-db858b88d7b9,bristol.viajes,available,37.99,37.99,high,low,7,namesilo,,,24/09/2026 10:36
15c2e55c-7243-4bab-a02b-ee6b3c723a03,arccos.viajes,available,37.99,37.99,medium,low,6,namesilo,,,20/09/2026 01:15
db44e2d9-4dd5-4829-bb96-61ff6f173fd4,fixation.viajes,available,37.99,37.99,high,low,8,namesilo,,,20/09/2026 09:06
c0092913-abb3-42e8-8fb8-a709a24b789b,arms.viajes,available,37.99,37.99,high,low,4,namesilo,,,20/09/2026 07:44
25a5cd02-c12d-46d0-b046-78e42a0cae09,awareness.viajes,available,37.99,37.99,high,low,9,namesilo,,,
9078adf7-de4d-49d9-b81d-e3391cbcab0d,preventive.viajes,available,37.99,37.99,high,low,10,namesilo,,,23/09/2026 22:24
d753d875-7699-40e5-8c9e-88cd1c5082ce,happier.viajes,available,37.99,37.99,high,low,7,namesilo,,,18/09/2026 06:17
af4f1c43-0c35-4bc8-a73a-452a8059335b,blackfriar.viajes,available,37.99,37.99,medium,low,10,namesilo,,,14/08/2026 15:46
cf983b3b-211f-462d-843c-f60052eece1c,chilly.viajes,available,37.99,37.99,high,low,6,namesilo,,,12/08/2026 05:30
6ff3e3c6-eb60-475c-9b6d-bd582a8f1202,cornish.viajes,available,37.99,37.99,high,low,7,namesilo,,,13/08/2026 01:42
d433cca1-7d10-4241-aa65-330009591115,antabuse.viajes,available,37.99,37.99,medium,low,8,namesilo,,,19/09/2026 12:24
a5ce71fb-dd5b-4c97-9ba8-41653338067a,stoically.viajes,available,37.99,37.99,medium,low,9,namesilo,,,16/09/2026 07:14
86fdd929-77b0-40b3-9a79-e1b1cd898df8,flowering.viajes,available,37.99,37.99,high,low,9,namesilo,,,18/08/2026 09:02
f7621746-df56-4302-bade-0bd2f2be9508,click.viajes,premium,118.8,118.8,high,medium,5,namesilo,,,24/09/2026 13:54
f760046a-e0f8-4ef5-af11-126ba72d5be6,lots.viajes,available,37.99,37.99,high,low,4,namesilo,,,
50e4b143-b624-47f6-83c2-4db5f5968843,skillful.viajes,available,37.99,37.99,high,low,8,namesilo,,,21/09/2026 17:27
5bc778c0-3ca2-4cfa-8fe9-e6c8e9fb82c1,elk.viajes,available,37.99,37.99,high,low,3,namesilo,,,18/09/2026 03:55
572b0596-b11d-4f3d-9157-b09113d6c4e0,unfixed.viajes,available,37.99,37.99,medium,low,7,namesilo,,,12/09/2026 10:28
c285b6ca-fbab-462f-afe8-084a2f864875,moderation.viajes,available,37.99,37.99,high,low,10,namesilo,,,
32169ff5-b3ce-4ef3-950f-6be8af84aa89,humanoid.viajes,available,37.99,37.99,high,medium,8,namesilo,,,19/09/2026 04:56
3f14b753-53e7-4088-8306-6c8eb41facfe,saccade.viajes,available,37.99,37.99,medium,low,7,namesilo,,,22/08/2026 12:47
f0ac750a-d1d8-4978-a1c5-1780b798dcd9,oppositions.viajes,available,37.99,37.99,low,low,11,namesilo,,,20/09/2026 21:56
7a216080-e3b0-453a-9c69-d7c77ba11421,batman.viajes,available,37.99,37.99,high,low,6,namesilo,,,
bb1c6443-656a-49e3-8899-d34a32532d15,ovine.viajes,available,37.99,37.99,medium,low,5,namesilo,,,04/09/2026 22:07
37d3e54e-6438-4f19-b194-940a6ca4ec3a,gandhi.viajes,available,37.99,37.99,high,low,6,namesilo,,,
20a723ff-76fc-4c2a-9f71-82e69768a525,jetting.viajes,available,37.99,37.99,high,low,7,namesilo,,,22/08/2026 13:09
117de24a-86de-4b7a-8076-0fa1810e847c,zeroth.viajes,available,37.99,37.99,medium,low,6,namesilo,,,13/09/2026 15:14
5ff3410f-395b-49a1-b2ad-29e477b73cba,communicate.viajes,available,37.99,37.99,high,low,11,namesilo,,,
88421b1c-2d3d-43ee-a0fe-ce371f55e868,attempt.viajes,available,37.99,37.99,high,low,7,namesilo,,,
7061900a-89cb-4473-b346-d4b61c8e1057,heartleaf.viajes,available,37.99,37.99,medium,low,9,namesilo,,,20/09/2026 12:53
5629f75f-0769-467b-b1cc-8c6b4332cf75,songbird.viajes,available,37.99,37.99,high,low,8,namesilo,,,
807be38c-3b40-4833-850c-bd7e4d2ac913,elephant.viajes,available,37.99,37.99,high,low,8,namesilo,,,25/09/2026 22:36
8d7b216a-d6b7-431b-a567-cffa3667177b,disturb.viajes,available,37.99,37.99,high,low,7,namesilo,,,
80826010-a374-4545-97a4-f4284862ee41,visited.viajes,available,37.99,37.99,high,low,7,namesilo,,,
76bf695e-213a-47d4-b4ab-1909f59fb2b7,archive.viajes,available,37.99,37.99,high,medium,7,namesilo,,,20/09/2026 02:19
bcb19955-1431-4dc5-aa97-87a478d58be2,auvergne.viajes,available,37.99,37.99,high,low,8,namesilo,,,21/09/2026 08:32
96c51405-5026-43b6-87c7-de440a526895,whitewater.viajes,available,37.99,37.99,high,low,11,namesilo,,,
88ba84d6-938e-4263-b632-e486fd12f9ee,commission.viajes,available,37.99,37.99,high,low,10,namesilo,,,
930a5e04-d8d8-4edd-beb6-5f18579d02df,erosion.viajes,available,37.99,37.99,high,low,7,namesilo,,,13/09/2026 09:06
de47d702-f388-4ace-bdfe-064ef6dcce0d,cleanable.viajes,available,37.99,37.99,medium,low,9,namesilo,,,12/08/2026 10:19
b297e475-3ae0-46ec-9ce7-9945bfb3c4fb,employee.viajes,available,37.99,37.99,high,low,8,namesilo,,,25/09/2026 05:30
4ca33a02-9a5e-4f00-8ec2-cb0a6282369c,contacts.viajes,available,43.98,57.98,high,low,8,namecheap,,,19/09/2026 20:06
c5380b03-6334-4eb9-8857-e3037e7436b1,stupefying.viajes,available,43.98,57.98,medium,low,10,namecheap,,,10/09/2026 18:10
ebb8b7d3-1fd0-42e5-96c7-db3ae5d805a7,light.viajes,available,37.99,37.99,high,low,5,namesilo,,,
1fcdbc8c-a677-49d4-90a2-6825df3d2133,audile.viajes,available,37.99,37.99,medium,low,6,namesilo,,,07/08/2026 16:40
aff865d5-5050-4486-b923-7f7b6373c8d6,bountiful.viajes,available,43.98,57.98,high,low,9,namecheap,,,09/08/2026 20:52
f288fe1c-6f21-4a27-b367-b58cd5253ddb,truck.viajes,available,37.99,37.99,high,low,5,namesilo,,,25/09/2026 23:01
2c602ba4-6f33-4abd-958b-368aa8c9027a,barry.viajes,available,43.98,57.98,high,low,5,namecheap,,,25/09/2026 11:27
e08b08aa-4893-4a42-bdc7-2e69b2cad252,eclat.viajes,available,37.99,37.99,high,low,5,namesilo,,,16/09/2026 22:37
b12cf993-b59c-4ba0-a30d-31772f6f9ca0,flake.viajes,available,37.99,37.99,medium,low,5,namesilo,,,14/08/2026 23:23
5dd46c39-33a8-4b62-8046-69b7a18b4f7a,ghostly.viajes,available,37.99,37.99,high,low,7,namesilo,,,06/08/2026 05:28
bb8b48fe-def1-4a71-9b37-e9470129317c,pourboire.viajes,available,37.99,37.99,medium,low,9,namesilo,,,21/09/2026 15:52
ca1bc61a-a5f3-4d30-b8dc-7e3a0ed4d960,onrush.viajes,available,37.99,37.99,medium,low,6,namesilo,,,21/09/2026 01:07
3fe7d4d3-bcce-4edc-a89a-90bbb2634b1f,decide.viajes,available,37.99,37.99,high,low,6,namesilo,,,
7732cf95-b7be-4300-8d1d-ee6bda349352,nodding.viajes,available,37.99,37.99,high,low,7,namesilo,,,12/08/2026 00:48
2dd2950c-2d38-40c0-9f07-97b7c85d2ac9,poetical.viajes,available,37.99,37.99,high,low,8,namesilo,,,08/09/2026 22:34
8f7cb3d3-ae34-451b-bbc1-a9814b892eb0,timeless.viajes,available,37.99,37.99,high,low,8,namesilo,,,11/09/2026 16:02
6d05a98c-4f68-419e-abc5-cb2c5e747c7a,sites.viajes,available,43.98,57.98,high,low,5,namecheap,,,18/09/2026 21:00
bc4f43bb-0953-449b-86f6-70f68430af97,ilama.viajes,available,37.99,37.99,medium,low,5,namesilo,,,19/09/2026 10:33
651c149d-5b59-42ae-b6f6-618bd389b6e8,augeas.viajes,available,37.99,37.99,medium,low,6,namesilo,,,21/09/2026 03:15
b1a36143-b126-4bfe-999c-275b1266a4ab,scraggy.viajes,available,37.99,37.99,medium,low,7,namesilo,,,22/08/2026 12:02
3aa8582b-1065-4b65-b432-255a23ed6a42,amberbell.viajes,available,37.99,37.99,medium,low,9,namesilo,,,18/09/2026 16:32
25b196b7-1591-415e-a0da-bfa08bbd3128,chechen.viajes,available,37.99,37.99,high,low,7,namesilo,,,12/08/2026 03:34
895e3c73-7c1f-4623-a8bf-c2747d6f7e62,madrono.viajes,available,37.99,37.99,medium,low,7,namesilo,,,20/09/2026 01:04
e99e6f93-35b3-42f0-8685-dc24f1634c0a,surf.viajes,available,37.99,37.99,high,low,4,namesilo,,,24/09/2026 08:25
efc86ecf-95a9-4069-a21c-1b6b667ae6b5,aggressor.viajes,available,37.99,37.99,medium,low,9,namesilo,,,17/09/2026 17:41
dc2ba9d3-d9c8-4829-a0df-84b3bc478564,charm.viajes,available,43.98,57.98,high,low,5,namecheap,,,19/09/2026 20:23
2a351a8a-2cf6-4af6-bffb-927a660137e9,eighty.viajes,available,43.98,57.98,high,low,6,namecheap,,,
f6f20bb9-8a68-4d52-ad6b-93689ea93afe,tricks.viajes,available,43.98,57.98,medium,low,6,namecheap,,,25/09/2026 17:54
1b235680-b73a-4eb9-b305-471f4dd82d24,tyrolean.viajes,available,37.99,37.99,high,low,8,namesilo,,,11/09/2026 22:33
70af0109-8f61-4878-ba0a-a23c9b299cf2,cupboard.viajes,available,37.99,37.99,high,low,8,namesilo,,,24/09/2026 15:58
9b0f684a-b2d3-4d4e-b9cb-050d7503c1ae,adulation.viajes,available,37.99,37.99,medium,low,9,namesilo,,,17/09/2026 10:04
a5fb82cd-5c58-4dfb-854c-9b58fad79487,economical.viajes,available,37.99,37.99,high,low,10,namesilo,,,24/09/2026 13:25
b9466b1a-16b5-479b-9500-569473ffff39,replace.viajes,available,37.99,37.99,high,low,7,namesilo,,,
5ecae504-89b6-4dd2-bd83-403eed02c880,corny.viajes,available,37.99,37.99,high,low,5,namesilo,,,23/09/2026 23:25
ebfb1a90-de06-4dfc-a564-137d4a126d11,junkie.viajes,available,37.99,37.99,medium,low,6,namesilo,,,17/09/2026 06:51
83eafd58-82cc-4cb7-95b9-86164cf3f872,isothermic.viajes,available,37.99,37.99,medium,low,10,namesilo,,,22/08/2026 11:24
5a3d6bf3-27fd-4ce4-b5be-57bbb95eb20a,cushioned.viajes,available,37.99,37.99,high,low,9,namesilo,,,13/08/2026 11:53
888f3c3b-f5c5-4cf0-b79e-da8ecf205ab0,angelique.viajes,available,37.99,37.99,high,low,9,namesilo,,,19/09/2026 05:58
ca9e944a-231a-4e13-b6ad-7031492fcfa2,presage.viajes,available,37.99,37.99,high,low,7,namesilo,,,09/09/2026 02:57
f2a45a5c-8b49-4b31-81ff-8d8bfec18fb3,dismay.viajes,available,37.99,37.99,high,low,6,namesilo,,,
900b153c-6fee-4f38-a6b0-988263e952e5,nakedly.viajes,available,37.99,37.99,medium,low,7,namesilo,,,15/09/2026 16:02
14973e2f-f714-405a-bd54-39a51dafa678,talking.viajes,available,37.99,37.99,high,low,7,namesilo,,,25/09/2026 10:48
2b6924ef-77e9-45ea-b5bf-bf1c38dbaf70,logic.viajes,available,43.98,57.98,high,medium,5,namecheap,,,23/09/2026 06:49
90cd2f5f-fb54-47c3-b565-de90d6ab6066,supernal.viajes,available,37.99,37.99,medium,low,8,namesilo,,,11/09/2026 02:23
a11ba1bf-06b5-422a-ad16-886da9948a71,informed.viajes,available,37.99,37.99,high,low,8,namesilo,,,25/09/2026 09:34
9d74172d-d76c-484b-8760-f17d349a5e00,talentless.viajes,available,37.99,37.99,medium,low,10,namesilo,,,11/09/2026 07:28
9976e07d-104c-4ccd-af40-de563be2725e,probative.viajes,available,37.99,37.99,medium,low,9,namesilo,,,09/09/2026 02:27
438e0f1b-6996-47e3-9a27-70602189a45f,apoplexy.viajes,available,43.98,57.98,medium,low,8,namecheap,,,19/09/2026 19:09
80a2c894-e728-4ce1-9aa6-8f482565eb29,cherimoya.viajes,available,37.99,37.99,high,low,9,namesilo,,,19/09/2026 10:32
92d7a3b2-f210-41e3-9250-8250015a9c01,opencast.viajes,available,37.99,37.99,medium,low,8,namesilo,,,04/09/2026 16:08
b670a3de-bc3f-4f77-b309-ebee873bfea0,immovable.viajes,available,43.98,57.98,medium,low,9,namecheap,,,21/08/2026 21:17
238b9778-340c-47fa-9e63-76c31b891019,staring.viajes,available,37.99,37.99,high,low,7,namesilo,,,21/09/2026 22:19
06cc9f0f-6d89-4bf0-b14f-246e40d9dbf5,ritually.viajes,available,37.99,37.99,medium,low,8,namesilo,,,15/09/2026 23:55
cc107932-dbcb-4511-a256-32a1b66cbc78,macarthur.viajes,available,43.98,57.98,high,low,9,namecheap,,,25/09/2026 20:07
b1d465cd-e442-4623-a146-1d2aca4a2442,berserker.viajes,available,37.99,37.99,medium,low,9,namesilo,,,09/08/2026 15:17
1822dd73-da7d-4dfd-b521-a8c07b94bd89,guest.viajes,available,37.99,37.99,high,low,5,namesilo,,,
41122677-f359-482d-a240-11b8b2f832a4,energising.viajes,available,37.99,37.99,medium,low,10,namesilo,,,17/08/2026 06:43
dd332bd6-8e49-476d-8fc2-9890a310a977,beautifully.viajes,available,37.99,37.99,high,low,11,namesilo,,,
91efbb7e-be53-4c84-9ef3-20ba618b5a03,eldritch.viajes,available,37.99,37.99,medium,low,8,namesilo,,,16/08/2026 02:21
7032bc16-1895-4ebc-82b3-b6251ba58bac,adh.viajes,available,43.98,57.98,high,low,3,namecheap,,,17/09/2026 07:56
8e8cd0e5-5277-41c9-a2c7-daf9814feed6,carbonyl.viajes,available,37.99,37.99,medium,low,8,namesilo,,,11/08/2026 18:41
0acb7f33-7ebe-4b7e-8a83-8eff62e50672,acarpous.viajes,available,37.99,37.99,medium,low,8,namesilo,,,
0b9c6371-5e65-4895-92b7-09ac786f6852,ballota.viajes,available,37.99,37.99,medium,low,7,namesilo,,,21/09/2026 23:16
013e53fa-0447-4e44-a89d-a2587510c680,extensive.viajes,available,43.98,57.98,medium,low,9,namecheap,,,
1dc42209-0474-49e2-a1ec-ef3e27846373,bedside.viajes,available,37.99,37.99,high,low,7,namesilo,,,22/09/2026 23:34
df49b549-8f9e-4da0-9cb5-f2b153e7e00d,sufferer.viajes,available,37.99,37.99,high,low,8,namesilo,,,24/09/2026 22:36
2b585ab9-f62a-4371-95ad-c246e11754ad,nonhuman.viajes,available,43.98,57.98,medium,low,8,namecheap,,,03/09/2026 19:22
8410bd2e-2044-4153-a53c-afee96844af9,audiogram.viajes,available,37.99,37.99,medium,low,9,namesilo,,,21/09/2026 02:55
9a7785e4-8f81-4da0-9ead-2cca375b1a7c,emoji.viajes,available,37.99,37.99,high,low,5,namesilo,,,
9db50865-ba55-412c-9779-9d48d0d35b96,princess.viajes,available,37.99,37.99,high,low,8,namesilo,,,
c33a2302-60ff-4b07-851d-576d1ae87b47,polygon.viajes,available,37.99,37.99,high,low,7,namesilo,,,
11fb62f5-addd-40e0-9794-7fa8b344bb8d,devotional.viajes,available,37.99,37.99,high,low,10,namesilo,,,14/08/2026 05:15
097bca31-02fa-456d-b23e-0b57ccb09233,semipublic.viajes,available,37.99,37.99,medium,low,10,namesilo,,,10/09/2026 03:17
d2ffade6-b1d4-4ff8-bc8d-1ca2ee6272eb,introductory.viajes,available,37.99,37.99,high,low,12,namesilo,,,
97fdc188-985e-4155-8da9-2c7845846c06,centered.viajes,available,37.99,37.99,high,low,8,namesilo,,,12/08/2026 00:03
a0942ff2-4e36-4e1b-86bb-750797a2b234,celiac.viajes,available,37.99,37.99,high,low,6,namesilo,,,11/08/2026 23:23
5803aff9-6614-4b19-997f-713fe2ddb082,bloom.viajes,available,37.99,37.99,high,medium,5,namesilo,,,22/09/2026 22:34
fc69c69b-d8e6-451e-8117-8904020a464c,christlike.viajes,available,37.99,37.99,high,low,10,namesilo,,,12/08/2026 07:19
9596a6d4-d19c-4317-b602-0855c6c486a2,leiden.viajes,available,37.99,37.99,high,low,6,namesilo,,,25/09/2026 23:25
bc88638b-c389-40a5-8d90-0e0907197c1d,offhand.viajes,available,43.98,57.98,high,low,7,namecheap,,,
7610f0a3-f4d9-458a-92e1-1a5c7ddd943e,polygonal.viajes,available,37.99,37.99,medium,low,9,namesilo,,,08/09/2026 23:20
1a553f8e-a745-4dd4-a807-07e7316fb64b,thumbed.viajes,available,37.99,37.99,high,low,7,namesilo,,,11/09/2026 15:04
d96e2959-5b06-4eb0-a9e1-a5bdcb407175,third.viajes,available,37.99,37.99,high,low,5,namesilo,,,
0ab07176-53e8-491a-a29a-a179abad60c1,altawhid.viajes,available,37.99,37.99,medium,low,9,namesilo,,,18/09/2026 01:07
972af95d-cef9-4067-899d-b2ff77309361,disruption.viajes,available,43.98,57.98,high,low,10,namecheap,,,24/09/2026 16:35
556b8175-29d9-4202-a869-780686a28bda,rococo.viajes,available,43.98,57.98,high,low,6,namecheap,,,09/09/2026 18:12
f0681499-fc71-4f89-ae31-b5a649dd8009,adventure.viajes,premium,118.8,118.8,high,medium,9,namesilo,,,
9becb9ea-4974-4a2d-9faf-bcf2e54e5dcb,forester.viajes,available,43.98,57.98,medium,low,8,namecheap,,,20/09/2026 00:50
e3dff11e-4304-4297-b7d6-2b52ffeca10e,ampersand.viajes,available,37.99,37.99,high,low,9,namesilo,,,18/09/2026 23:09
d6ae657c-5ba4-4875-b2d9-62c625d1541f,memorize.viajes,available,37.99,37.99,high,low,8,namesilo,,,
f4cb4301-932d-4843-b644-a315fc3f9087,keenness.viajes,available,37.99,37.99,high,low,8,namesilo,,,21/09/2026 09:30
67336366-8470-4fcb-ac94-32000bc40dba,azolla.viajes,available,37.99,37.99,high,low,6,namesilo,,,21/09/2026 11:19
02779ee9-a6e5-4879-90dc-c798df0afe0c,drab.viajes,available,37.99,37.99,medium,low,4,namesilo,,,14/08/2026 11:43
a6929d35-62a7-4b67-a57f-39f228a8a2cd,branding.viajes,available,43.98,57.98,high,low,8,namecheap,,,24/09/2026 08:11
60d2f275-c899-4408-98cc-6c373433b09a,tummy.viajes,available,43.98,57.98,high,low,5,namecheap,,,22/09/2026 17:49
8e8e284a-8c7c-42b2-a3cb-03ce71ec5086,eternally.viajes,available,37.99,37.99,high,low,9,namesilo,,,14/09/2026 16:17
c174883c-303f-4911-8d27-2fc8d33adbc3,apt.viajes,available,43.98,57.98,high,low,3,namecheap,,,22/09/2026 07:23
e6523b8c-1e69-4572-af0d-54ef23da3e98,packs.viajes,available,37.99,37.99,high,low,5,namesilo,,,20/09/2026 13:29
9b9d047d-d074-4804-864e-f212cd37062a,skeletal.viajes,available,43.98,57.98,high,low,8,namecheap,,,10/08/2026 19:00
6fc7f0da-69eb-4b33-83b3-81e2aeab8d7d,defense.viajes,available,57.98,,high,low,7,namecheap,,,
1d6ded7f-33f0-4a03-873c-53fcbd958792,overladen.viajes,available,43.98,57.98,medium,low,9,namecheap,,,04/09/2026 20:51
783bd1d0-e6af-4bbc-8fd9-ef99f84390c5,watched.viajes,available,37.99,37.99,high,low,7,namesilo,,,18/09/2026 01:33
ec0e0f2c-1084-4c61-8cad-82365411cc8e,fashion.viajes,available,37.99,37.99,high,medium,7,namesilo,,,
b667eab2-843a-401b-b592-818f8c492e5d,bakunin.viajes,available,43.98,57.98,medium,low,7,namecheap,,,21/09/2026 20:26
ff06b4fc-db7a-4689-a34e-cfeef483d745,sparsely.viajes,available,37.99,37.99,medium,low,8,namesilo,,,16/09/2026 05:55
92dcd84a-a1ea-4970-83e4-20c4da3fbd1c,negotiation.viajes,available,43.98,57.98,high,low,11,namecheap,,,25/09/2026 19:20
f0b3289b-9541-4651-a745-bf2f0d21775d,unfit.viajes,available,37.99,37.99,medium,low,5,namesilo,,,12/09/2026 10:23
8dc5e75a-2f15-497f-897e-f408f4106892,germicide.viajes,available,37.99,37.99,medium,low,9,namesilo,,,
1d1abf80-cf57-4985-b8af-44689e1e3818,clementine.viajes,available,37.99,37.99,high,low,10,namesilo,,,24/09/2026 15:33
b7c19272-e10a-494b-b70b-b922f0dd0d46,dissident.viajes,available,37.99,37.99,medium,low,9,namesilo,,,14/08/2026 12:30
4f2c46b5-ade9-436c-a6fe-febd18838200,pent.viajes,available,37.99,37.99,medium,low,4,namesilo,,,08/09/2026 14:42
7730951b-17e2-4aa5-8e89-770945cd7491,key.viajes,available,37.99,37.99,high,medium,3,namesilo,,,19/09/2026 11:28
53a44ac6-3ea2-4ff5-891a-8aef4eada8fc,baden.viajes,available,37.99,37.99,high,low,5,namesilo,,,25/09/2026 13:59
045441b2-f705-4544-abb7-be04f3c30bf9,unwelcome.viajes,available,37.99,37.99,medium,low,9,namesilo,,,12/09/2026 22:38
8bb3f5df-a482-4002-88c1-25272614f382,scapular.viajes,available,37.99,37.99,medium,low,8,namesilo,,,09/09/2026 22:51
11bf8ca9-0c8b-47d1-96a1-f43f4267a88e,dickensian.viajes,available,37.99,37.99,medium,low,10,namesilo,,,14/08/2026 06:25
a90fffdf-241c-41e5-9d32-ef2ab81ae55e,effectual.viajes,available,37.99,37.99,high,low,9,namesilo,,,15/08/2026 14:20
6e22642d-c080-43f5-b504-dbee3f0da45e,candied.viajes,available,37.99,37.99,high,low,7,namesilo,,,11/08/2026 16:48
992c87c6-4e24-4897-a7ec-b2bd0e0ba025,freaking.viajes,available,37.99,37.99,medium,low,8,namesilo,,,
da8ef303-6267-4168-9487-a63f6944de98,lawfully.viajes,available,63.99,65.99,medium,low,8,name.com,,,13/08/2026 19:09
2adda020-838a-4411-b683-5b4634754063,barbara.viajes,available,37.99,37.99,high,low,7,namesilo,,,25/09/2026 11:55
af3b6dfb-5d3f-47e0-86a1-ed49b17ef8fe,attribute.viajes,available,43.98,57.98,high,low,9,namecheap,,,21/09/2026 02:16
984416ce-22df-4d85-96d3-a5517607d909,tod.viajes,available,37.99,37.99,high,low,3,namesilo,,,11/09/2026 16:39
502ca433-3efc-4af9-bb1c-5caf5decc7cc,alchemy.viajes,available,37.99,37.99,high,medium,7,namesilo,,,18/09/2026 03:59
79af905e-6499-4faa-b0ec-27cc68412a30,deck.viajes,available,57.98,,high,low,4,namecheap,,,
d2cf7433-ecde-4e6d-a57a-d306589a6b1a,chemic.viajes,available,37.99,37.99,medium,low,6,namesilo,,,12/08/2026 04:12
aeac5cc7-5ec2-48de-be1d-5b1d9c344cbf,avoidance.viajes,available,37.99,37.99,high,low,9,namesilo,,,21/09/2026 09:49
68a12152-6857-4e94-a115-ce564060cb01,ane.viajes,available,37.99,37.99,high,low,3,namesilo,,,
79dbb6a9-b380-43f6-8100-98b413d7fb26,feeler.viajes,available,43.98,57.98,high,low,6,namecheap,,,22/09/2026 04:48
d99a789c-4fd6-4183-8569-a12627bbcdf1,prodromal.viajes,available,37.99,37.99,medium,low,9,namesilo,,,09/09/2026 02:44
62f86a39-30e4-421e-b4b9-e847eea96694,feetfirst.viajes,available,43.98,57.98,medium,low,9,namecheap,,,14/09/2026 18:20
86db1380-ad41-4f68-9f4d-6876821adf29,hound.viajes,available,43.98,57.98,medium,low,5,namecheap,,,24/09/2026 02:24
5fdb9331-805b-4ec1-b51d-ce451f8544ed,nestling.viajes,available,37.99,37.99,high,low,8,namesilo,,,25/08/2026 00:18
5983457b-919f-4d7b-8d16-c26f1a616acf,pensive.viajes,available,37.99,37.99,high,low,7,namesilo,,,11/08/2026 06:00
a6f416bf-24eb-4d77-afe1-02a908aa791d,cadastral.viajes,available,37.99,37.99,medium,low,9,namesilo,,,11/08/2026 12:39
06f632e2-bf7b-4e00-a687-781ee7a60ad3,angered.viajes,available,37.99,37.99,medium,low,7,namesilo,,,
f9cb4552-90d6-42b0-b571-c23c4e7ec338,chill.viajes,available,37.99,37.99,high,low,5,namesilo,,,23/09/2026 23:04
d058ff11-05f3-4456-9d26-1426c842855c,draped.viajes,available,43.98,57.98,high,low,6,namecheap,,,14/08/2026 18:23
4d9d3e05-30ac-434a-8aca-af0d630de59d,pitching.viajes,available,37.99,37.99,high,low,8,namesilo,,,
53b494db-80f4-417d-b5ef-0d764c01420e,jane.viajes,available,37.99,37.99,high,low,4,namesilo,,,25/09/2026 11:44
f9ebbb90-2496-4330-8c09-1b8ea9c418bf,wearing.viajes,available,37.99,37.99,medium,low,7,namesilo,,,11/09/2026 16:26
79fa9d3e-7da6-4f98-b902-2f12ded2bd84,uncharted.viajes,available,37.99,37.99,high,low,9,namesilo,,,12/08/2026 02:53
7d743b2f-1dc7-4871-826b-155fc8120e4a,decolour.viajes,available,37.99,37.99,medium,low,8,namesilo,,,24/09/2026 05:11
e16a3bdf-ba8d-4da4-824f-fb2911ba6999,first.viajes,available,43.98,57.98,high,medium,5,namecheap,,,21/09/2026 12:11
a4f75516-7478-41ea-8b11-3184696bc352,chore.viajes,available,37.99,37.99,high,low,5,namesilo,,,
bff9d76a-7084-4942-af7f-72c274cf8bae,bayonne.viajes,available,43.98,57.98,medium,low,7,namecheap,,,22/09/2026 18:07
132b0684-bd43-41c9-bf97-a00311abfeeb,appeal.viajes,available,57.98,,high,low,6,namecheap,,,
efe64b13-2879-4df9-8e04-0263a65b1223,prostate.viajes,available,37.99,37.99,high,low,8,namesilo,,,09/09/2026 03:47
1b175425-df96-4eb7-bd88-747289bc8f5b,surprises.viajes,available,37.99,37.99,high,low,9,namesilo,,,20/09/2026 10:56
5c9890f5-ebe4-4c19-9215-c2345a4884fc,jensen.viajes,available,37.99,37.99,high,low,6,namesilo,,,25/09/2026 07:58
90164f0d-50c8-4868-85b7-118a9547510c,sublime.viajes,available,37.99,37.99,high,low,7,namesilo,,,17/08/2026 15:39
5590be9e-b2b2-4342-82be-102e59bf0935,sequel.viajes,available,37.99,37.99,high,low,6,namesilo,,,
e59d709f-4a26-4e99-afbe-c58498f86e32,esthetics.viajes,available,43.98,57.98,high,low,9,namecheap,,,17/09/2026 13:38
5a12bb2e-d584-4f36-9f39-cfc573e6ff16,february.viajes,available,37.99,37.99,high,low,8,namesilo,,,
3453549d-735d-4182-900a-a97e6bec8959,called.viajes,available,37.99,37.99,high,low,6,namesilo,,,
0bba15b9-8012-49ef-8e79-a6de5bc6acb3,tel.viajes,premium,500,,high,low,3,name.com,,,
5e6761da-d3dd-48b7-8628-8a899c5fd735,demoted.viajes,available,37.99,37.99,low,low,7,namesilo,,,21/09/2026 05:02
e5dc9cf0-f785-4233-b0c5-609a072b6dea,scripted.viajes,available,37.99,37.99,high,low,8,namesilo,,,
b14a1b43-dd15-4ea6-b438-5e93ff77375c,toothcare.viajes,available,57.98,,medium,low,9,namecheap,,,
94b65605-ce96-46ba-93a5-094eb00d472a,rowe.viajes,available,43.98,57.98,high,low,4,namecheap,,,25/09/2026 16:05
ec2691dc-1306-4be2-bdee-6b9b40e74ac8,truffle.viajes,available,37.99,37.99,high,low,7,namesilo,,,
a970ec16-9f95-4e1d-a395-837e32564edc,instrument.viajes,available,37.99,37.99,high,low,10,namesilo,,,24/09/2026 13:05
f79cec22-2a64-48d0-8634-e5939d7a6644,worth.viajes,available,37.99,37.99,high,low,5,namesilo,,,
805105a5-a918-4d8e-a79e-3a38e5168c70,antithesis.viajes,available,43.98,57.98,medium,low,10,namecheap,,,19/09/2026 15:11
0fcf0efd-bf27-4a83-8b6c-b411edea41fd,branchy.viajes,available,37.99,37.99,medium,low,7,namesilo,,,11/08/2026 02:23
bf6cc28b-28ea-4d60-891d-54dbb2a6f126,blae.viajes,available,37.99,37.99,medium,low,4,namesilo,,,10/08/2026 12:24
de213742-181b-4e15-94f4-93c8c6b664a7,innovation.viajes,available,37.99,37.99,high,medium,10,namesilo,,,23/09/2026 02:50
7cfd2f28-c9ca-4ee9-819d-97dd15fdb394,assouan.viajes,available,37.99,37.99,medium,low,7,namesilo,,,20/09/2026 16:37
1721024c-e924-44f1-92f9-6b66f8e4bf16,monastic.viajes,available,37.99,37.99,high,low,8,namesilo,,,12/08/2026 11:57
00ce6e9f-26f8-4542-9e55-ec4ab2a4a7b2,rightish.viajes,available,37.99,37.99,medium,low,8,namesilo,,,09/09/2026 17:35
fc63a8b2-1a2b-4533-932c-62f926cce22c,tamarack.viajes,available,43.98,57.98,medium,low,8,namecheap,,,18/09/2026 20:18
f2a0190c-7d57-4808-9def-907e7df78aab,conceptive.viajes,available,43.98,57.98,medium,low,10,namecheap,,,12/08/2026 20:03
0c99768f-8d6b-41d3-9604-8fa89b2996df,caliginous.viajes,available,37.99,37.99,low,low,10,namesilo,,,11/08/2026 14:25
be02ba5d-5b27-4a47-9ccf-2ca8fc697b9e,rarefy.viajes,available,37.99,37.99,medium,low,6,namesilo,,,07/08/2026 15:31
37f8618c-962d-4d99-baf6-ed1cce6f6f0a,gavin.viajes,available,43.98,57.98,high,low,5,namecheap,,,26/09/2026 03:29
4f273a1f-075d-4ebc-922f-e41db7bad452,dilatory.viajes,available,37.99,37.99,medium,low,8,namesilo,,,14/08/2026 07:31
934f6c55-b8c6-4c84-9382-ccba839d3b1f,teachers.viajes,available,43.98,57.98,high,low,8,namecheap,,,18/09/2026 18:31
858a2a71-9c32-40ad-b0b0-e881208e74b3,four.viajes,available,37.99,37.99,high,low,4,namesilo,,,21/09/2026 13:11
e6a807a8-8593-4d8d-9add-e588df005591,spiritless.viajes,available,37.99,37.99,medium,low,10,namesilo,,,10/09/2026 15:54
14884ba9-b976-464a-8c5d-53642e69a7d7,mirish.viajes,available,37.99,37.99,medium,low,6,namesilo,,,16/09/2026 16:36
02dd325a-a14c-4c9e-8eb9-636c38ca530f,celery.viajes,available,37.99,37.99,high,low,6,namesilo,,,19/09/2026 17:33
af56d993-eddc-49d4-8c1f-fac7164c49c2,lxv.viajes,available,37.99,37.99,medium,low,3,namesilo,,,
a4b18cbf-0de7-4de1-8f08-06ab485eab3f,anklebone.viajes,available,37.99,37.99,medium,low,9,namesilo,,,19/09/2026 09:43
d1acff8d-d001-4849-afac-022532fc2fa8,glove.viajes,available,37.99,37.99,high,low,5,namesilo,,,
022af32a-7e3e-4abd-bd26-1f9a501dce6f,summative.viajes,available,37.99,37.99,medium,low,9,namesilo,,,11/09/2026 01:36
1ac83c21-f528-48fe-b496-6b72aa5a073a,citizens.viajes,available,37.99,37.99,high,low,8,namesilo,,,18/09/2026 15:13
61697849-1609-45d8-89e9-9f58d24b026a,cerise.viajes,available,37.99,37.99,medium,low,6,namesilo,,,10/08/2026 15:04
7274eb00-7a55-452b-b7fb-081166444209,backspin.viajes,available,37.99,37.99,high,low,8,namesilo,,,21/09/2026 16:02
312bb6e2-cbbe-4037-a583-64d82c606337,velvety.viajes,available,37.99,37.99,high,low,7,namesilo,,,13/09/2026 02:00
278dd3fd-8b20-4dc3-979f-d112c2736502,limp.viajes,available,37.99,37.99,high,low,4,namesilo,,,23/08/2026 12:39
0263cadd-0a42-4ace-ac76-12952fa47a4e,arhus.viajes,available,37.99,37.99,high,low,5,namesilo,,,16/09/2026 13:26
127db15a-7b4e-4bec-877a-4a18596d81f4,dissembler.viajes,available,43.98,57.98,medium,low,10,namecheap,,,08/09/2026 19:10
1d46f26c-2493-437e-b036-28a52000a332,aldehyde.viajes,available,37.99,37.99,high,low,8,namesilo,,,18/09/2026 04:24
375ebbd3-1711-4910-a030-b67cfa865bba,incarnate.viajes,available,37.99,37.99,high,low,9,namesilo,,,16/08/2026 09:36
7e2dd559-3e91-4f44-99eb-610201abfe5d,funeral.viajes,available,37.99,37.99,high,low,7,namesilo,,,25/09/2026 22:54
f88a43e1-19ba-4af9-b1ed-022cfa57b528,agape.viajes,available,37.99,37.99,high,low,5,namesilo,,,
4ef6ce8d-2ae6-48a1-a8ed-44d666b582aa,amicably.viajes,available,43.98,57.98,medium,low,8,namecheap,,,13/09/2026 19:29
9d3d2c8d-da4b-475e-a1f7-d97ff8a7934a,infatuated.viajes,available,43.98,57.98,high,low,10,namecheap,,,16/08/2026 21:11
dea94168-2045-4ffb-a9bd-5fce62308ac6,nauseating.viajes,available,37.99,37.99,medium,low,10,namesilo,,,24/08/2026 08:23
93898473-40f9-412c-ba68-a18587bb62ba,decreed.viajes,available,37.99,37.99,medium,low,7,namesilo,,,13/08/2026 22:14
5daeb236-faec-4559-ad4c-9809e01e21ff,goodly.viajes,available,37.99,37.99,high,low,6,namesilo,,,20/08/2026 16:36
d4112447-fcc5-49a0-82f5-183b02166fc6,handbill.viajes,available,37.99,37.99,medium,low,8,namesilo,,,11/08/2026 05:06
cff6587f-a709-4401-8982-92321910d9b9,surly.viajes,available,37.99,37.99,medium,low,5,namesilo,,,11/09/2026 04:06
2d5fb0d3-7076-46c2-9a30-2ed5ebcb8144,hahn.viajes,available,37.99,37.99,high,low,4,namesilo,,,27/09/2026 04:20
009e3e0a-cd68-45fa-95ea-038e8de0e24c,holds.viajes,available,37.99,37.99,medium,low,5,namesilo,,,24/09/2026 20:42
36ecec94-4b7a-46f9-ba00-05add1839fd8,gratified.viajes,available,43.98,57.98,high,low,9,namecheap,,,20/08/2026 18:24
0f7ca724-8aea-4d26-94b6-b706f974e81f,beefy.viajes,available,37.99,37.99,medium,low,5,namesilo,,,09/08/2026 07:49
b63df03d-01fe-4704-86c3-57bed4ca9bbe,breaks.viajes,available,37.99,37.99,medium,low,6,namesilo,,,17/09/2026 22:04
9fc566e0-6d40-4324-a224-a3275e4fec52,bpi.viajes,available,37.99,37.99,high,low,3,namesilo,,,23/09/2026 22:46
a5029201-e01f-423f-8eb8-37f3d8e98710,deterrent.viajes,available,37.99,37.99,high,low,9,namesilo,,,14/08/2026 04:48
42e5411b-c76b-4581-a514-d7477cf17b8c,mellowly.viajes,available,37.99,37.99,medium,low,8,namesilo,,,24/08/2026 19:31
477a9eb5-9db4-4594-975b-e0f8b0940e4b,quicker.viajes,available,37.99,37.99,high,low,7,namesilo,,,14/09/2026 17:44
3163381c-c588-4df1-8149-f22738b44175,aqualung.viajes,available,37.99,37.99,high,low,8,namesilo,,,19/09/2026 22:54
891d2027-746a-48af-8d2b-4d6dd16c89cb,carols.viajes,available,43.98,57.98,medium,low,6,namecheap,,,17/09/2026 18:54
90b7be71-e75f-48a5-9e19-8884d95d9a5f,attacker.viajes,available,37.99,37.99,high,low,8,namesilo,,,17/09/2026 17:41
b70ca027-c2a3-426a-a799-a9e6ce23150d,ayatollah.viajes,available,37.99,37.99,high,low,9,namesilo,,,21/09/2026 10:36
22fa9253-b033-474c-8403-707e7d64c3c8,pale.viajes,available,37.99,37.99,high,low,4,namesilo,,,27/09/2026 02:35
8ccf30ac-bc49-4824-8a3a-a48fcfafa097,salon.viajes,available,37.99,37.99,high,low,5,namesilo,,,22/09/2026 22:23
0e36f874-1602-4198-a8cf-b5ec8a797ecf,macleish.viajes,available,37.99,37.99,medium,low,8,namesilo,,,20/09/2026 02:03
3501f66e-8dd5-496a-a04f-50ffa733fc98,opinions.viajes,available,37.99,37.99,high,low,8,namesilo,,,17/09/2026 07:35
c8398bc4-dd30-4357-98c9-7b54bb610ad1,biogeny.viajes,available,43.98,57.98,medium,low,7,namecheap,,,23/09/2026 18:05
bd4ae429-a2b3-40e9-99f9-9a7758ebb35f,dateless.viajes,available,63.99,65.99,medium,low,8,name.com,,,13/08/2026 18:42
33a6cfae-4127-4742-83eb-31cf5f734478,uncomplicated.viajes,available,37.99,37.99,high,low,13,namesilo,,,
5607774a-ca50-4354-a873-91ff39c770a1,craftily.viajes,available,37.99,37.99,medium,low,8,namesilo,,,14/09/2026 09:00
617498a3-30a4-4181-8f3e-398ab7d53c38,mottled.viajes,available,63.99,65.99,medium,low,7,name.com,,,13/08/2026 17:41
c76b09e1-dd28-4cf1-be46-81e4de90bbb8,petroleum.viajes,available,37.99,37.99,high,low,9,namesilo,,,13/08/2026 08:55
455e67bd-a5fc-4aa7-a54f-dc450a1161c6,wizard.viajes,available,43.98,57.98,high,medium,6,namecheap,,,21/09/2026 18:11
be1e71d5-0790-45ab-b82b-3872ba9c2e57,virginal.viajes,available,37.99,37.99,high,low,8,namesilo,,,13/09/2026 05:57
d5b51280-457b-4f61-a962-6bdd066db72f,baring.viajes,available,37.99,37.99,medium,low,6,namesilo,,,22/09/2026 06:03
9710516b-f775-4efd-85be-5452abbe34bc,bilgewater.viajes,available,37.99,37.99,medium,low,10,namesilo,,,21/09/2026 23:46
7e6ebcc8-d8b0-469d-aa3a-6e82fac112fe,documental.viajes,available,37.99,37.99,medium,low,10,namesilo,,,14/08/2026 14:27
461e5a14-0f0a-49a2-82bf-1c7c1eebdfa3,absorbing.viajes,available,37.99,37.99,high,low,9,namesilo,,,21/09/2026 15:02
23dc750d-4110-4bed-b22a-4f6f35cc67bd,diclinous.viajes,available,37.99,37.99,low,low,9,namesilo,,,14/08/2026 06:34
7b851729-2537-4d51-9227-955a780e80f4,fallen.viajes,available,37.99,37.99,high,low,6,namesilo,,,24/09/2026 16:26
8703a231-c476-4d70-8562-15dda587ed41,reduce.viajes,available,37.99,37.99,high,low,6,namesilo,,,24/09/2026 08:28
f9c38267-e4df-4b2a-8ff6-f59c469296fd,grim.viajes,available,37.99,37.99,medium,low,4,namesilo,,,14/08/2026 11:41
be9abe68-6b4b-4a95-971f-3eb175330a21,alliance.viajes,available,37.99,37.99,high,low,8,namesilo,,,18/09/2026 07:42
1f6d64f6-8c8b-4233-8889-703ddd8e8ec4,allegretto.viajes,available,37.99,37.99,high,low,10,namesilo,,,
b0b75754-bf27-467f-a7e6-6396115f708b,descend.viajes,available,37.99,37.99,high,low,7,namesilo,,,
9d286820-6a28-4d7e-9fc3-ac4cf53ee6b9,birds.viajes,available,37.99,37.99,high,low,5,namesilo,,,
8aa4fb9e-aeba-4390-8bf4-d60ca005282a,plier.viajes,available,37.99,37.99,medium,low,5,namesilo,,,
248188d2-a892-47fa-b6fa-bb74dc137ee2,comb.viajes,available,43.98,57.98,high,low,4,namecheap,,,24/09/2026 16:22
15e96f32-a8d6-4d6a-83b4-3982be46335e,fumbling.viajes,available,37.99,37.99,medium,low,8,namesilo,,,11/08/2026 10:05
01c2ffdc-cc54-4bdd-8a60-668b8d62f304,verse.viajes,available,37.99,37.99,high,low,5,namesilo,,,
b812c606-f6e7-41c2-bbc7-5bd4adf9b6d5,beagle.viajes,available,43.98,57.98,high,low,6,namecheap,,,22/09/2026 19:37
ac8248b5-70a8-4080-bd4d-a609d8238b45,aspherical.viajes,available,37.99,37.99,medium,low,10,namesilo,,,07/08/2026 04:57
8391ea6a-703c-46ec-b317-2a75440ad600,cuneiform.viajes,available,37.99,37.99,medium,low,9,namesilo,,,13/08/2026 10:34
64a213c4-2c23-4999-8f4e-a78b3f5f601f,motivation.viajes,available,37.99,37.99,high,low,10,namesilo,,,25/09/2026 21:49
76250f34-233b-41b6-b2b2-afabfa8dcc70,brawny.viajes,available,37.99,37.99,high,low,6,namesilo,,,11/08/2026 02:47
2861bdba-55d6-4635-b72d-f826fdcb0c0a,epileptic.viajes,available,37.99,37.99,high,low,9,namesilo,,,17/08/2026 10:58
57a6246d-0ccb-42ef-b208-51dfa1b2762e,clueless.viajes,available,37.99,37.99,medium,low,8,namesilo,,,12/08/2026 13:05
e63ab125-5d02-4eb4-91ec-c30b8170515c,blenny.viajes,available,37.99,37.99,medium,low,6,namesilo,,,24/09/2026 06:00
ed441b11-d334-43de-a795-678d50d1f48c,penalties.viajes,available,37.99,37.99,high,low,9,namesilo,,,
3562560b-60b4-41fa-8907-eab9a8b8ed20,kill.viajes,available,37.99,37.99,high,low,4,namesilo,,,24/09/2026 11:57
7a8b21e5-4320-4e7d-b3fb-9c6f2cb1d77a,unclaimed.viajes,available,37.99,37.99,medium,low,9,namesilo,,,12/09/2026 05:13
c9374f8f-589f-4314-9c66-1a7a73af1124,combinations.viajes,available,43.98,57.98,medium,low,12,namecheap,,,17/09/2026 17:12
db826a76-18a1-41d1-abc0-76976ef54408,youtube.viajes,available,,,high,high,7,,,,
d7862e35-b5d6-4b9f-88b0-d8ee0c23d838,inaugural.viajes,available,37.99,37.99,high,low,9,namesilo,,,22/08/2026 00:37
9ed5be71-4f51-4a8c-a65d-8f73e35741ef,keep.viajes,available,57.98,,high,low,4,namecheap,,,
497b410e-0539-491c-a413-2adc60714b48,war.viajes,available,37.99,37.99,high,low,3,namesilo,,,26/09/2026 00:24
3577a070-5738-4cd0-bb15-c74e4be3d50f,stared.viajes,available,37.99,37.99,medium,low,6,namesilo,,,18/09/2026 02:18
777489cc-db2f-479e-b2c8-ca17ed0daced,decisions.viajes,available,43.98,57.98,medium,low,9,namecheap,,,25/09/2026 21:16
85c9705f-8844-458d-b158-ae8a0b596eb6,bike.viajes,available,37.99,37.99,high,low,4,namesilo,,,08/09/2026 12:23
0a1b68a8-3196-44a7-9fa6-fc35a6553b17,timer.viajes,available,57.98,,high,low,5,namecheap,,,
f34a7d53-fb61-4756-bc65-ec9eec1217e8,favoritism.viajes,available,37.99,37.99,high,low,10,namesilo,,,24/09/2026 22:35
25b9594a-be05-458b-a81c-04adcc29c082,empire.viajes,available,37.99,37.99,high,medium,6,namesilo,,,25/09/2026 05:34
3f62258d-62d1-46a7-a9ae-35f8a7e2168a,ethnic.viajes,available,43.98,57.98,high,low,6,namecheap,,,24/09/2026 15:23
d8f79b11-153c-4ec3-8ba6-22bf15e87d70,loser.viajes,available,37.99,37.99,medium,low,5,namesilo,,,18/09/2026 14:19
18a34c46-abdc-425b-8ab3-c91fc71e9b8c,homophile.viajes,available,43.98,57.98,high,low,9,namecheap,,,18/08/2026 20:56
a689697a-810b-428e-8923-bbc0c4eeb10f,inspirational.viajes,available,37.99,37.99,high,low,13,namesilo,,,
b06cd1aa-5a01-4d91-bee5-dca9abdd6676,demonstrates.viajes,available,37.99,37.99,medium,low,12,namesilo,,,20/09/2026 23:55
947099f7-df7d-4ab9-88c6-eeef73084834,malformed.viajes,available,37.99,37.99,medium,low,9,namesilo,,,13/08/2026 23:43
58fb9d08-5c0d-469b-86ec-1687e19558e0,palaver.viajes,available,43.98,57.98,medium,low,7,namecheap,,,23/09/2026 23:26
cb92db9d-fc38-4de3-8b33-5045b56142a1,oozing.viajes,available,37.99,37.99,medium,low,6,namesilo,,,04/09/2026 15:28
ccac6926-ede1-4f77-a2cb-2b978c1aaade,cerulean.viajes,available,37.99,37.99,high,low,8,namesilo,,,08/08/2026 03:10
e2843d3c-46ef-4db7-8b01-140bb9c025fe,practicality.viajes,available,37.99,37.99,high,low,12,namesilo,,,16/09/2026 09:33
e30d4b92-a239-4d7a-8301-3765f0871cba,sunblind.viajes,available,43.98,57.98,medium,low,8,namecheap,,,21/09/2026 10:15
82ba2d02-8816-4bed-bd20-756f0843492e,integral.viajes,available,37.99,37.99,high,low,8,namesilo,,,23/09/2026 10:33
3458ee11-c25c-4903-b857-4b8d8850765f,simony.viajes,available,37.99,37.99,medium,low,6,namesilo,,,22/09/2026 08:05
25e24816-f547-4aaa-ac5f-0d68e1b7bfec,luther.viajes,available,37.99,37.99,high,low,6,namesilo,,,25/09/2026 23:29
f400da21-c42c-4f57-aa99-3d465ed3c4b3,bechamel.viajes,available,37.99,37.99,high,low,8,namesilo,,,22/09/2026 22:33
65a6404f-6995-480c-ac94-1134b96fcee4,stalls.viajes,available,43.98,57.98,medium,low,6,namecheap,,,10/09/2026 17:59
82f60af3-ec22-4906-b632-ba0aab0731a2,alimony.viajes,available,37.99,37.99,medium,low,7,namesilo,,,
83e1326d-0d4a-4908-a502-b9cf034abc3b,dissonant.viajes,available,37.99,37.99,medium,low,9,namesilo,,,07/08/2026 12:26
f0321568-0ef9-4bc5-8ca5-87ee4c17e137,laptop.viajes,available,37.99,37.99,high,low,6,namesilo,,,
0adaa29b-f8a6-4c79-91e8-1685eb3d5be4,interest.viajes,available,37.99,37.99,high,low,8,namesilo,,,08/09/2026 14:02
687fd35e-4add-464f-b710-f7fbc7bcfc38,affiant.viajes,available,37.99,37.99,medium,low,7,namesilo,,,17/09/2026 14:22
bea787b6-ef1d-41fb-964e-ac9dc6e09d9d,wonderful.viajes,available,37.99,37.99,high,low,9,namesilo,,,25/09/2026 00:23
218db052-3996-4ddf-ab39-5c5a78696896,invincible.viajes,available,43.98,57.98,high,low,10,namecheap,,,25/09/2026 11:10
357ab9a3-b285-4e42-a014-2d919c2dd4b9,animation.viajes,available,37.99,37.99,high,low,9,namesilo,,,18/09/2026 08:09
8c632e94-811b-4ef4-afcd-98508171d22b,abreast.viajes,available,37.99,37.99,high,low,7,namesilo,,,
aa6158f0-2028-4035-8280-07a6b61469ea,ferguson.viajes,available,43.98,57.98,high,low,8,namecheap,,,25/09/2026 17:55
4e8f5c1c-b2b5-488d-be6d-0bf752a3b2f9,bold.viajes,available,37.99,37.99,high,medium,4,namesilo,,,22/09/2026 23:09
1fa541fc-f143-4245-8250-1aaccebdcc6e,dinosaur.viajes,available,37.99,37.99,high,low,8,namesilo,,,
a5d3e59c-eedb-4c37-87f6-ed7faf91b7a0,bay.viajes,available,37.99,37.99,high,low,3,namesilo,,,09/08/2026 02:26
23331d8f-73b3-434a-a659-4260c0242e09,assume.viajes,available,37.99,37.99,high,low,6,namesilo,,,
90d259ee-31e2-4895-8402-b973cd5c856d,continued.viajes,available,63.99,65.99,high,low,9,name.com,,,23/09/2026 22:14
47ffe049-8cba-4b3e-82cd-e8f4cbdbc4be,pudgy.viajes,available,37.99,37.99,medium,low,5,namesilo,,,08/09/2026 22:24
2e326a8b-5fdb-48f8-8481-046e27cbc868,deputy.viajes,available,37.99,37.99,high,low,6,namesilo,,,
71181c4c-c018-4fe2-ab65-2979c5ebc54f,denary.viajes,available,43.98,57.98,medium,low,6,namecheap,,,13/08/2026 21:30
4e61aa2b-d056-4c9c-b105-7bac18b40dcd,tatty.viajes,available,37.99,37.99,medium,low,5,namesilo,,,18/08/2026 06:42
7205debd-a169-4d89-b4ae-58f9859801e9,sadly.viajes,available,37.99,37.99,medium,low,5,namesilo,,,14/09/2026 11:52
1b0ecab8-729d-4158-89f5-f882eb8e8370,aggression.viajes,available,37.99,37.99,medium,low,10,namesilo,,,17/09/2026 17:29
dcde82e6-e066-48cf-9930-55bb69b65242,sunroof.viajes,available,57.98,,high,low,7,namecheap,,,
0106a314-a50d-4bac-be1b-0e790451386a,lamentably.viajes,available,37.99,37.99,low,low,10,namesilo,,,14/09/2026 11:50
b31202d9-6684-4187-b8f9-eaaa78dd5ff3,groovy.viajes,available,37.99,37.99,high,low,6,namesilo,,,08/08/2026 12:35
887b267e-aa3c-4911-8925-3d6f7aed676a,scooped.viajes,available,37.99,37.99,medium,low,7,namesilo,,,17/09/2026 23:31
808c4a47-970c-469f-8ab6-d294e97c99d9,nettlesome.viajes,available,37.99,37.99,medium,low,10,namesilo,,,
106e99a9-4154-4fcd-905a-640390b6010f,related.viajes,available,37.99,37.99,high,low,7,namesilo,,,19/09/2026 12:07
8d857867-29c6-4692-9af3-270c7197e4c6,soonest.viajes,available,37.99,37.99,medium,low,7,namesilo,,,14/08/2026 22:25
2a92ec1a-ffce-4b44-983d-9512665167b2,hidebound.viajes,available,37.99,37.99,medium,low,9,namesilo,,,21/08/2026 08:11
6c69426e-ee9d-4005-8424-2a86ad3553ea,senator.viajes,available,37.99,37.99,high,low,7,namesilo,,,26/09/2026 00:17
1cfb227a-551d-4717-bcc4-ecf8ae44e252,selenium.viajes,available,37.99,37.99,high,low,8,namesilo,,,20/09/2026 22:53
77dce3a5-ab39-407c-9d3f-f16fb94bf273,miranda.viajes,available,37.99,37.99,high,low,7,namesilo,,,25/09/2026 12:16
fd29a7a7-a38b-42a0-bda4-7f158b4c9f99,afterimage.viajes,available,37.99,37.99,high,low,10,namesilo,,,17/09/2026 15:42
e15c65d7-6ce8-4541-9551-fb201c54dc18,join.viajes,available,37.99,37.99,high,medium,4,namesilo,,,
180a628d-9bea-46fb-9a3f-0548078d081c,numberless.viajes,available,37.99,37.99,high,low,10,namesilo,,,13/08/2026 03:42
6c63c5d0-2ae5-4284-b2f5-1cd9c2e2ec50,tractors.viajes,available,37.99,37.99,medium,low,8,namesilo,,,21/09/2026 06:24
1257001f-0b77-4219-943b-3662ca22aa45,papaw.viajes,available,37.99,37.99,high,low,5,namesilo,,,20/09/2026 14:12
6caf6465-ba55-4709-a53a-112443d8ad8e,byword.viajes,available,37.99,37.99,medium,low,6,namesilo,,,17/09/2026 06:09